n_bathrooms,rent_price,n_rooms,sq_mt_built,buy_price_by_area,has_garden,buy_price
3.0,1135,3,125.0,2200,0,275000
2.0,1128,3,125.0,2180,0,272500
1.0,777,2,150.0,1060,0,159000
3.0,1128,3,140.0,1946,0,272500
1.0,933,2,108.0,1898,0,205000
1.0,762,3,115.0,1347,0,154900
3.0,1135,3,125.0,2200,0,275000
2.0,1108,3,103.0,2573,0,265000
3.0,1299,3,140.0,2429,0,340000
3.0,1850,4,240.0,2417,0,580000
3.0,1052,3,115.0,2130,0,245000
3.0,1393,4,242.0,1570,0,380000
1.0,1200,3,166.0,1807,0,300000
2.0,847,3,118.0,1517,0,179000
2.0,1299,4,147.0,2313,0,340000
2.0,780,3,80.0,2000,0,160000
3.0,1655,8,274.0,1807,0,495000
3.0,1135,3,125.0,2200,0,275000
2.0,1067,3,120.0,2083,0,250000
3.0,1275,5,200.0,1650,0,330000
2.0,1148,3,116.0,2414,0,280000
3.0,1035,3,133.0,1797,0,239000
2.0,1177,3,107.0,2720,0,291000
2.0,1299,3,152.0,2237,0,340000
2.0,1174,3,158.0,1835,0,289900
1.0,1067,3,70.0,3571,0,250000
2.0,1064,2,117.0,2128,0,249000
3.0,1535,4,166.0,2663,0,442000
3.0,1544,4,167.0,2671,0,446000
3.0,1530,4,173.0,2543,0,440000
3.0,1298,4,285.0,1192,0,339841
3.0,1294,4,268.0,1261,0,338066
3.0,1293,4,268.0,1260,0,337631
1.0,1191,2,137.0,2164,0,296500
2.0,1405,5,275.0,1400,0,385000
3.0,1257,3,127.0,2543,0,323000
3.0,1346,4,177.0,2034,0,360000
2.0,1213,3,115.0,2652,0,305000
3.0,994,3,105.0,2143,0,225000
3.0,1284,4,149.0,2242,1,334000
3.0,1306,4,149.0,2302,1,343000
3.0,1318,4,248.0,1403,1,348000
3.0,1323,3,205.0,1707,1,350000
3.0,1290,3,149.0,2258,1,336403
3.0,1283,3,149.0,2237,1,333279
3.0,1544,4,166.0,2687,0,446000
3.0,1587,4,173.0,2688,0,465000
3.0,1569,4,173.0,2642,0,457000
3.0,1301,4,265.0,1286,0,340870
3.0,1300,4,265.0,1286,0,340700
3.0,1303,4,268.0,1275,0,341767
3.0,1544,4,166.0,2687,0,446000
3.0,1530,4,172.0,2558,1,440000
3.0,1587,4,173.0,2688,1,465000
3.0,1587,4,174.0,2672,1,465000
2.0,1200,3,172.0,1744,0,300000
2.0,1485,3,350.0,1200,0,420000
2.0,948,6,180.0,1167,0,210000
3.0,1330,4,149.0,2369,1,353000
3.0,1327,4,149.0,2362,1,352000
3.0,1318,4,248.0,1403,1,348000
3.0,1332,4,149.0,2376,1,354000
3.0,1478,4,306.0,1363,1,417000
3.0,1332,4,248.0,1428,1,354100
3.0,1330,4,248.0,1423,1,353000
3.0,1332,4,248.0,1427,1,354000
2.0,1275,3,150.0,2200,0,330000
2.0,1322,4,155.0,2255,1,349500
2.0,1485,3,350.0,1200,0,420000
3.0,1897,4,313.0,1917,1,600000
2.0,1157,3,124.0,2286,0,283498
2.0,1153,3,124.0,2273,0,281830
3.0,1485,4,165.0,2545,1,420000
3.0,1485,3,165.0,2545,1,420000
3.0,1634,3,166.0,2925,1,485500
3.0,1634,3,158.0,3073,1,485500
3.0,1656,3,154.0,3218,1,495500
3.0,1691,3,164.0,3113,1,510500
3.0,1656,3,168.0,2949,1,495500
3.0,1530,4,193.0,2280,0,440000
2.0,1320,3,122.0,2858,0,348700
3.0,1610,4,207.0,2296,1,475200
3.0,1600,4,204.0,2307,1,470700
3.0,1587,4,208.0,2236,1,465000
3.0,1573,4,204.0,2248,1,458600
3.0,1571,4,208.0,2201,1,457800
3.0,1638,4,264.0,1846,1,487300
3.0,1724,4,264.0,1989,1,525100
3.0,1530,3,180.0,2444,0,440000
3.0,2070,3,297.0,2273,1,675000
3.0,1286,4,147.0,2276,0,334508
3.0,1286,4,147.0,2277,0,334669
3.0,1439,5,230.0,1739,1,399900
3.0,1393,5,202.0,1881,1,379900
3.0,1484,4,156.0,2690,0,419600
3.0,1450,4,156.0,2594,0,404600
3.0,1381,4,156.0,2401,0,374600
2.0,1363,4,189.0,1942,0,367000
3.0,1450,4,156.0,2594,0,404600
3.0,2035,4,350.0,1886,0,660000
1.0,658,0,56.0,2286,0,128000
3.0,1485,5,230.0,1826,1,419900
3.0,1285,4,147.0,2274,0,334312
3.0,1598,3,269.0,1747,1,470000
3.0,1598,3,270.0,1741,1,470000
3.0,1655,3,291.0,1701,1,495000
4.0,1594,4,300.0,1560,1,468000
1.0,583,1,70.0,1571,0,110000
1.0,654,0,55.0,2309,0,127000
1.0,604,0,60.0,1917,0,115000
2.0,539,1,48.0,2083,0,100000
3.0,1862,5,230.0,2543,1,585000
3.0,1710,5,352.0,1474,1,519000
1.0,833,1,56.0,3125,0,175000
3.0,994,2,97.0,2320,0,225000
1.0,780,1,50.0,3200,0,160000
2.0,686,1,70.0,1929,0,135000
2.0,1163,3,121.0,2360,0,285577
3.0,2103,4,350.0,1971,1,690000
2.0,1363,4,189.0,1942,0,367000
3.0,2103,4,350.0,1971,1,690000
3.0,1655,3,281.0,1762,1,495000
3.0,1827,4,349.0,1633,1,570000
3.0,1262,3,228.0,1425,0,325000
3.0,1370,5,194.0,1907,1,369900
1.0,561,0,61.0,1721,0,105000
1.0,621,0,55.0,2164,0,119000
2.0,1122,3,150.0,1800,0,270000
1.0,725,3,70.0,2071,0,145000
2.0,740,3,90.0,1656,0,149000
2.0,1038,3,81.0,2963,1,240000
2.0,881,3,81.0,2333,0,189000
2.0,1038,3,81.0,2963,0,240000
2.0,2234,4,234.0,3205,0,750000
2.0,1505,4,132.0,3250,0,429000
3.0,1553,4,172.0,2616,0,450000
2.0,979,3,95.0,2316,0,220000
2.0,1200,2,120.0,2500,0,300000
2.0,917,3,80.0,2500,0,200000
1.0,917,2,71.0,2817,0,200000
2.0,1200,2,105.0,2857,0,300000
2.0,705,3,85.0,1646,0,139900
2.0,1143,2,130.0,2138,0,278000
2.0,979,3,90.0,2444,0,220000
1.0,1122,3,120.0,2250,0,270000
2.0,942,3,111.0,1874,0,208000
1.0,1122,1,90.0,3000,0,270000
3.0,2245,4,186.0,4059,0,755000
3.0,1200,4,180.0,1667,0,300000
2.0,881,3,114.0,1658,0,189000
2.0,1065,3,94.0,2655,0,249600
2.0,1111,3,180.0,1478,0,266000
2.0,942,3,111.0,1874,1,208000
1.0,686,3,93.0,1452,0,135000
2.0,868,2,120.0,1542,0,185000
2.0,881,3,81.0,2333,1,189000
2.0,1200,2,144.0,2083,0,300000
1.0,769,3,65.0,2415,0,157000
1.0,894,1,42.0,4595,0,193000
3.0,-1755,3,257.0,5739,0,1475000
4.0,-303,4,295.0,4746,0,1400000
2.0,1108,2,80.0,3312,0,265000
2.0,1200,3,75.0,4000,0,300000
3.0,1598,3,138.0,3406,0,470000
2.0,1428,2,67.0,5896,0,395000
2.0,1213,1,51.0,5980,0,305000
2.0,1370,3,90.0,4111,0,370000
4.0,2347,6,350.0,3143,0,1100000
1.0,809,1,57.0,2947,0,168000
2.0,967,2,86.0,2512,0,216000
2.0,1094,1,78.0,3333,0,260000
1.0,1262,1,80.0,4062,0,325000
2.0,2378,3,223.0,3700,0,825000
4.0,-1755,3,275.0,5364,0,1475000
1.0,1038,0,50.0,4800,0,240000
1.0,740,1,42.0,3548,0,149000
2.0,1318,4,92.0,3783,0,348000
2.0,1318,4,92.0,3783,0,348000
2.0,1200,3,75.0,4000,0,300000
2.0,1781,0,185.0,2973,0,550000
1.0,777,2,45.0,3533,0,159000
2.0,1451,3,86.0,4709,0,405000
4.0,2452,4,280.0,3125,0,875000
2.0,1250,3,146.0,2192,0,320000
2.0,1508,3,96.0,4479,0,430000
1.0,851,1,65.0,2769,0,180000
2.0,1416,2,65.0,6000,0,390000
1.0,994,1,80.0,2812,0,225000
3.0,1462,3,95.0,4316,0,410000
2.0,1299,2,110.0,3091,0,340000
3.0,1685,3,152.0,3342,0,508000
2.0,1187,1,87.0,3391,0,295000
2.0,1187,2,87.0,3391,0,295000
2.0,1122,2,80.0,3375,0,270000
2.0,1416,2,100.0,3900,0,390000
1.0,654,1,60.0,2117,0,127000
1.0,1094,1,72.0,3611,0,260000
2.0,948,1,55.0,3818,0,210000
3.0,1897,3,261.0,2299,0,600000
3.0,2352,5,295.0,2746,0,810000
2.0,1135,3,95.0,2895,0,275000
3.0,1685,3,145.0,3503,0,508000
1.0,1058,2,70.0,3529,0,247000
2.0,2514,3,130.0,7308,0,950000
3.0,1701,3,152.0,3388,0,515000
1.0,646,1,40.0,3125,0,125000
3.0,1507,3,95.0,4525,0,429900
2.0,2181,5,311.0,2331,0,725000
1.0,1067,3,49.0,5102,0,250000
3.0,1943,4,213.0,2911,0,620000
1.0,634,1,26.0,4692,0,122000
2.0,1146,1,81.0,3444,0,279000
3.0,2352,5,392.0,2066,1,810000
1.0,868,1,41.0,4512,0,185000
1.0,625,2,40.0,3000,0,120000
2.0,1451,3,94.0,4309,0,405000
2.0,1405,2,85.0,4529,0,385000
2.0,1187,1,61.0,4836,0,295000
2.0,1576,2,126.0,3651,0,460000
3.0,2213,5,398.0,1859,1,740000
1.0,1197,2,50.0,5980,0,299000
2.0,1024,3,110.0,2136,0,235000
2.0,1146,1,82.0,3402,0,279000
2.0,813,2,75.0,2253,0,169000
4.0,-1755,3,257.0,5739,0,1475000
2.0,1366,3,119.0,3096,0,368438
1.0,758,1,55.0,2800,0,154000
2.0,1576,3,109.0,4220,0,460000
1.0,625,1,55.0,2180,0,119900
2.0,1505,3,144.0,2979,0,429000
1.0,2464,2,218.0,4060,0,885000
3.0,-1755,4,258.0,5717,0,1475000
3.0,-2333,4,254.0,5906,0,1500000
6.0,-1645087,5,430.0,10233,0,4400000
2.0,1943,2,101.0,6139,0,620000
2.0,2165,4,137.0,8394,0,1150000
3.0,-2333,2,157.0,9554,0,1500000
2.0,2514,2,110.0,9000,0,990000
1.0,1262,1,75.0,4333,0,325000
1.0,1262,1,72.0,4514,0,325000
2.0,1943,2,160.0,3875,0,620000
1.0,874,1,43.0,4349,0,187000
5.0,-2096,5,331.0,4502,0,1490000
3.0,-38920,3,200.0,10500,0,2100000
1.0,1024,1,75.0,3133,0,235000
1.0,1335,1,101.0,3515,0,355000
1.0,2333,2,140.0,5714,0,800000
2.0,1943,2,104.0,5962,0,620000
7.0,-2333,12,350.0,4286,1,1500000
4.0,856,5,263.0,5011,0,1318000
4.0,-6992,10,570.0,2895,1,1650000
3.0,-2333,2,157.0,9554,0,1500000
2.0,948,3,150.0,1400,0,210000
1.0,878,2,104.0,1808,0,188000
3.0,868,3,120.0,1542,0,185000
1.0,494,1,32.0,2812,0,90000
2.0,740,2,48.0,3104,0,149000
2.0,766,3,110.0,1418,0,156000
2.0,705,4,135.0,1037,0,140000
2.0,625,3,120.0,1000,0,120000
1.0,583,2,62.0,1774,0,110000
2.0,964,2,88.0,2443,0,215000
2.0,840,4,121.0,1463,0,177000
3.0,1038,3,125.0,1920,0,240000
2.0,874,3,98.0,1908,0,187000
1.0,512,3,83.0,1133,0,94000
2.0,769,2,80.0,1962,0,157000
2.0,694,2,70.0,1957,0,137000
2.0,813,4,128.0,1320,0,169000
1.0,917,4,124.0,1613,0,200000
2.0,979,3,155.0,1419,0,220000
2.0,773,2,90.0,1756,0,158000
2.0,884,3,200.0,950,0,190000
3.0,917,4,120.0,1667,0,199999
2.0,947,4,145.0,1446,0,209680
1.0,235,2,30.0,1300,0,39000
1.0,702,2,69.0,2014,0,139000
2.0,1335,3,135.0,2630,0,355000
2.0,1078,2,122.0,2082,0,254000
9.0,1667,11,250.0,2000,0,499998
2.0,901,1,68.0,2868,0,195000
3.0,1122,4,130.0,2077,0,270000
1.0,780,3,90.0,1778,0,160000
2.0,851,1,92.0,1957,0,180000
1.0,762,1,55.0,2818,0,155000
1.0,461,1,42.0,1976,0,83000
1.0,660,3,66.0,1947,0,128500
1.0,561,2,50.0,2100,0,105000
1.0,751,2,71.0,2141,0,152000
1.0,504,1,38.0,2428,0,92260
1.0,780,1,90.0,1778,0,160000
1.0,884,3,80.0,2375,0,190000
2.0,744,3,85.0,1765,0,150000
2.0,769,2,80.0,1962,0,157000
2.0,694,2,70.0,1957,0,137000
2.0,868,4,120.0,1542,0,185000
2.0,994,1,80.0,2812,0,225000
1.0,596,2,50.0,2260,0,113000
2.0,1356,3,135.0,2696,0,364000
2.0,1680,4,301.0,1681,0,506000
2.0,1081,4,126.0,2024,0,255000
1.0,623,2,64.0,1867,0,119500
1.0,548,3,80.0,1275,0,102000
2.0,802,5,150.0,1107,0,166000
1.0,512,3,83.0,1133,0,94000
2.0,868,3,85.0,2176,0,185000
3.0,656,2,77.0,1656,0,127500
1.0,512,3,83.0,1133,0,94000
2.0,868,3,90.0,2056,0,185000
1.0,583,4,75.0,1467,0,110000
4.0,1416,5,280.0,1392,0,389900
2.0,798,3,80.0,2062,0,165000
4.0,-27934,7,584.0,3408,1,1990000
4.0,452,5,500.0,2700,1,1350000
5.0,1536,5,400.0,3125,1,1250000
8.0,-8202,6,800.0,2100,1,1680000
3.0,-4866,5,280.0,5679,1,1590000
4.0,2514,4,231.0,4286,0,990000
6.0,-140,6,350.0,3971,1,1390000
5.0,2374,4,390.0,2795,1,1090000
8.0,-84370,5,855.0,2813,1,2404800
8.0,-244802,6,611.0,4828,1,2950000
4.0,452,5,396.0,3409,1,1350000
5.0,-172372,5,100.0,2211,1,2752800
4.0,2070,4,314.0,2150,1,675000
5.0,452,5,500.0,2700,1,1350000
3.0,1197,4,94.0,3181,0,299000
2.0,816,3,141.0,1206,0,170000
3.0,2378,4,174.0,4741,0,825000
2.0,780,3,145.0,1103,0,160000
2.0,798,3,117.0,1410,0,165000
1.0,686,3,80.0,1688,0,135000
1.0,1024,0,67.0,3507,0,235000
1.0,705,3,90.0,1556,0,140000
1.0,744,3,85.0,1765,0,149990
2.0,816,3,80.0,2125,0,170000
2.0,933,4,120.0,1708,0,205000
3.0,1667,4,200.0,2500,0,500000
2.0,1200,4,140.0,2143,0,300000
2.0,1038,5,200.0,1200,0,240000
1.0,740,2,80.0,1862,0,149000
2.0,1781,4,120.0,4583,0,550000
2.0,1075,3,100.0,2530,0,253000
2.0,802,2,81.0,2049,0,166000
1.0,917,2,117.0,1709,0,200000
1.0,758,4,89.0,1730,0,154000
2.0,1781,4,120.0,4583,0,550000
1.0,948,4,150.0,1399,1,209900
1.0,813,3,81.0,2086,0,169000
1.0,901,3,81.0,2407,0,195000
2.0,871,3,87.0,2138,0,186000
1.0,719,4,70.0,2049,0,143400
2.0,1289,5,109.0,3083,0,336000
1.0,744,3,67.0,2239,0,150000
1.0,715,3,80.0,1781,0,142500
1.0,1320,3,187.0,1866,0,349000
1.0,1897,3,127.0,4724,1,600000
2.0,1006,2,94.0,2436,0,229000
2.0,881,3,87.0,2172,0,189000
5.0,-527060,5,100.0,2464,1,3450000
4.0,-1225,5,300.0,4833,0,1450000
5.0,-8202,4,443.0,3792,1,1680000
3.0,1102,6,602.0,2153,0,1296000
8.0,-425334,8,840.0,3929,1,3300000
4.0,1906,6,413.0,2903,1,1199000
8.0,-205750,7,100.0,2375,1,2850000
3.0,2470,4,300.0,2967,1,890000
7.0,-171474,6,844.0,3258,1,2750000
4.0,1059,3,365.0,3562,1,1300000
7.0,-47519,5,743.0,2923,1,2172000
5.0,2187,6,312.0,3670,1,1145000
9.0,-941720,8,100.0,3000,1,3900000
7.0,-6992,5,583.0,2830,1,1650000
8.0,-303,6,500.0,2800,1,1400000
7.0,-58234,8,720.0,3125,1,2250000
4.0,-9067,7,500.0,3400,1,1700000
8.0,-20661,6,635.0,2992,1,1900000
4.0,1960,5,362.0,3287,0,1190000
5.0,-1645,5,300.0,4900,1,1470000
4.0,2417,6,410.0,2073,1,850000
7.0,-491344,6,100.0,3400,1,3400000
6.0,-366133,7,100.0,3200,1,3200000
4.0,-140,6,359.0,3872,1,1390000
5.0,-38920,6,600.0,3500,0,2100000
6.0,-104074,5,900.0,2767,1,2500000
7.0,-8202,6,700.0,2400,1,1680000
5.0,2324,5,302.0,2632,0,795000
5.0,2399,5,448.0,2411,1,1080000
8.0,-20661,6,643.0,2955,1,1900000
4.0,585,5,310.0,4323,0,1340000
5.0,-13026,5,300.0,5933,1,1780000
6.0,-140,6,350.0,3971,1,1390000
5.0,-4866,5,360.0,4417,1,1590000
4.0,2516,8,280.0,3429,1,960000
6.0,-28833,6,918.0,2179,1,2000000
5.0,-783412,4,100.0,3750,1,3750000
4.0,452,4,800.0,1688,1,1350000
8.0,-101863,8,835.0,2982,1,2490000
5.0,-9067,6,585.0,2906,0,1700000
8.0,-1059741,6,750.0,5333,1,4000000
4.0,-115653,5,740.0,3446,1,2550000
6.0,-11444,8,900.0,1944,1,1750000
3.0,2452,5,255.0,3431,1,875000
8.0,-84370,5,855.0,2813,0,2404800
5.0,-8202,4,443.0,3792,0,1680000
5.0,1059,5,357.0,3641,0,1300000
6.0,452,5,400.0,3375,1,1350000
5.0,-8202,5,422.0,3981,1,1680000
5.0,-8202,6,700.0,2400,0,1680000
7.0,-101863,7,835.0,2982,1,2490000
6.0,169,4,319.0,4295,0,1370000
10.0,-65933,8,100.0,1917,1,2300000
5.0,-1225,3,270.0,5370,1,1450000
5.0,-8202,4,370.0,4541,1,1680000
6.0,-20661,6,660.0,2879,1,1900000
8.0,-104074,7,100.0,2500,1,2500000
7.0,-11444,8,900.0,1944,1,1750000
5.0,1165,6,350.0,3686,1,1290000
4.0,2510,4,300.0,3327,1,998000
7.0,-11444,7,990.0,1768,1,1750000
6.0,-115653,7,825.0,3091,1,2550000
5.0,2374,5,370.0,2946,1,1090000
3.0,-4391,5,245.0,6429,1,1575000
3.0,2509,3,224.0,4464,1,1000000
4.0,2514,5,335.0,2836,1,950000
3.0,1731,5,362.0,3384,1,1225000
6.0,-205750,7,100.0,2375,1,2850000
8.0,-64974,7,100.0,1843,0,2294000
5.0,2285,3,246.0,3150,1,775000
10.0,-188041,16,100.0,2141,1,2800000
9.0,-104074,9,640.0,3906,1,2500000
3.0,-6992,3,405.0,4074,1,1650000
5.0,-2333,6,606.0,2475,1,1500000
3.0,-303,3,406.0,3448,1,1400000
7.0,-51191,8,664.0,3313,1,2200000
9.0,-20646385,9,100.0,3250,1,7800000
3.0,2445,5,224.0,3884,1,870000
6.0,-104074,5,980.0,2551,1,2500000
2.0,2285,3,246.0,3150,0,775000
4.0,2126,4,340.0,2059,1,700000
8.0,-65933,7,100.0,1658,1,2300000
4.0,2514,4,242.0,4091,1,990000
6.0,-11444,5,560.0,3125,0,1750000
6.0,-140,6,350.0,3971,1,1390000
3.0,-2333,6,600.0,2500,1,1500000
6.0,-104074,5,750.0,3333,1,2500000
3.0,2470,3,208.0,4279,0,890000
3.0,2485,4,400.0,2262,0,904800
5.0,2479,6,400.0,2248,0,899000
5.0,2165,6,442.0,2602,1,1150000
6.0,-172372,7,100.0,2211,1,2752800
4.0,452,3,270.0,5000,1,1350000
4.0,1862,6,184.0,3179,1,585000
3.0,1850,3,204.0,2843,0,580000
5.0,2510,5,306.0,3261,1,998000
6.0,-999433,6,675.0,5852,1,3950000
6.0,-28833,6,918.0,2179,1,2000000
6.0,-13864,5,400.0,4488,1,1795000
6.0,-13864,5,400.0,4488,1,1795000
1.0,2470,3,102.0,8725,1,890000
3.0,-2333,3,425.0,3529,1,1500000
7.0,-65933,6,788.0,2919,1,2300000
5.0,2103,5,260.0,2654,0,690000
6.0,-98610,6,737.0,3358,1,2475000
4.0,2510,5,300.0,3327,0,998000
5.0,-221,4,463.0,3013,1,1395000
9.0,-224653,7,100.0,2091,1,2900000
7.0,-51191,6,598.0,3679,0,2200000
7.0,-24524,9,920.0,2120,1,1950000
7.0,1894,8,387.0,1548,1,599000
6.0,-84217,6,860.0,2795,1,2404000
6.0,2464,5,330.0,2682,1,885000
7.0,-104074,9,640.0,3906,1,2500000
4.0,2497,5,320.0,2875,1,920000
7.0,-104074,6,800.0,3125,1,2500000
5.0,1739,7,350.0,3497,1,1224000
4.0,-5194,4,300.0,5333,1,1600000
8.0,-1823000,8,100.0,3986,1,4500000
5.0,2464,6,375.0,2360,1,885000
5.0,2417,5,300.0,2833,1,850000
4.0,-6992,3,509.0,3242,1,1650000
5.0,2517,6,430.0,2267,1,975000
5.0,-58234,7,100.0,2250,1,2250000
7.0,-101863,7,835.0,2982,1,2490000
8.0,-205750,6,100.0,1583,1,2850000
6.0,-38920,5,418.0,5024,1,2100000
5.0,2504,5,353.0,2632,1,929000
6.0,2514,5,202.0,4703,1,950000
4.0,2224,5,285.0,2614,1,745000
3.0,2224,4,340.0,2191,0,745000
3.0,2470,4,300.0,2967,1,890000
3.0,1428,2,92.0,4293,0,395000
3.0,1919,4,175.0,3484,0,609700
13.0,-266250,10,100.0,1250,1,3000000
7.0,-83453,5,640.0,3750,1,2400000
2.0,2402,3,245.0,3429,1,840000
4.0,2285,4,302.0,2566,1,775000
5.0,-2834,5,410.0,3707,1,1520000
4.0,2517,3,230.0,4239,0,975000
4.0,2440,6,350.0,3029,1,1060000
6.0,-6992,5,550.0,3000,1,1650000
6.0,-564667,5,100.0,3349,1,3500000
7.0,-6603834,7,100.0,4051,1,6000000
4.0,2010,4,380.0,1708,1,649000
4.0,2452,4,300.0,2917,1,875000
9.0,-104074,5,840.0,2976,1,2500000
8.0,-886529,5,830.0,4639,1,3850000
5.0,1900,4,192.0,6250,0,1200000
8.0,-188041,7,751.0,3728,1,2800000
4.0,-2834,5,442.0,3439,1,1520000
5.0,-2096,5,511.0,2916,1,1490000
4.0,-58234,6,480.0,4688,1,2250000
5.0,-5194,6,600.0,2667,0,1600000
4.0,-51191,6,825.0,2667,1,2200000
5.0,-13864,6,400.0,4488,1,1795000
5.0,-886529,5,830.0,4639,1,3850000
3.0,2458,4,380.0,2316,1,880000
3.0,-303,3,406.0,3448,1,1400000
6.0,-11444,7,100.0,1750,1,1750000
6.0,-5029,5,321.0,4969,0,1595000
5.0,-14150,5,400.0,4500,1,1800000
4.0,2165,4,370.0,3108,1,1150000
3.0,1265,6,780.0,1641,1,1280000
9.0,-266250,9,100.0,1554,1,3000000
4.0,-8202,4,410.0,4098,1,1680000
4.0,-1225,5,400.0,3625,1,1450000
4.0,1059,5,394.0,3299,0,1300000
7.0,-11444,8,998.0,1754,1,1750000
3.0,2170,7,233.0,3090,0,720000
2.0,-2333,4,313.0,4792,1,1500000
5.0,2103,6,360.0,1917,0,690000
8.0,-27934,7,920.0,2163,1,1990000
6.0,-221,4,463.0,3013,0,1395000
8.0,-156000,7,100.0,2606,0,2700000
6.0,-224653,6,887.0,3269,0,2900000
6.0,-6992,5,500.0,3300,1,1650000
6.0,2347,6,360.0,3056,0,1100000
5.0,-4866,5,347.0,4582,0,1590000
8.0,-65933,7,100.0,1658,1,2300000
5.0,2374,4,390.0,2795,1,1090000
4.0,2517,4,430.0,2267,1,975000
6.0,-1480474,5,700.0,6143,1,4300000
12.0,-266250,10,100.0,1250,1,3000000
6.0,-171474,6,500.0,5500,1,2750000
3.0,-13026,5,300.0,5933,1,1780000
4.0,2315,4,301.0,2625,0,790000
5.0,2517,6,430.0,2244,1,965000
6.0,-365574,6,800.0,3999,1,3199000
3.0,-2333,6,313.0,4792,0,1500000
6.0,-104074,6,774.0,3230,1,2500000
4.0,2417,4,350.0,2429,1,850000
8.0,-28833,6,918.0,2179,1,2000000
6.0,-44765,7,623.0,3451,1,2150000
5.0,-14150,5,308.0,5844,1,1800000
8.0,-188041,7,751.0,3728,1,2800000
5.0,1536,5,378.0,3307,1,1250000
4.0,2170,6,256.0,2812,1,720000
3.0,2516,7,280.0,3429,1,960000
5.0,-8202,6,800.0,2100,1,1680000
3.0,-3649,3,247.0,6275,1,1550000
5.0,1070,4,330.0,3936,0,1299000
4.0,-3649,5,424.0,3656,0,1550000
6.0,-205750,7,100.0,2375,1,2850000
3.0,-4866,5,280.0,5679,1,1590000
5.0,-3649,5,424.0,3656,0,1550000
6.0,-51191,5,593.0,3710,1,2200000
8.0,-941720,10,100.0,3184,1,3900000
7.0,-9067,7,565.0,3009,1,1700000
5.0,452,5,847.0,1594,1,1350000
7.0,-1059741,4,698.0,5731,1,4000000
8.0,-84217,5,544.0,4419,1,2404000
3.0,1655,5,170.0,2912,0,495000
4.0,-2123,4,351.0,4248,0,1491182
8.0,-1645087,7,900.0,4889,0,4400000
4.0,2517,6,514.0,1887,1,970000
5.0,-38920,5,410.0,5122,1,2100000
3.0,2333,5,234.0,3419,1,800000
6.0,-51191,6,670.0,3433,1,2200000
8.0,-205750,7,100.0,2375,1,2850000
9.0,-253223,7,100.0,2700,1,2970000
6.0,-303,6,287.0,4878,0,1400000
6.0,-2834,7,325.0,4677,0,1520000
4.0,2510,6,300.0,3327,1,998000
8.0,-425334,6,840.0,3929,1,3300000
7.0,-102303,7,100.0,2265,0,2492000
15.0,-266250,10,100.0,1250,0,3000000
8.0,-172372,7,100.0,2211,1,2752800
6.0,2410,3,370.0,2905,0,1075000
5.0,-4866,5,350.0,4543,1,1590000
6.0,-6992,5,583.0,2830,1,1650000
4.0,2517,3,204.0,4779,0,975000
14.0,-266250,11,100.0,1250,1,3000000
4.0,2402,5,364.0,2308,1,840000
4.0,2514,5,219.0,4338,1,950000
3.0,-2333,5,250.0,6000,1,1500000
3.0,2389,6,250.0,3328,1,832000
4.0,-2096,8,480.0,3104,1,1490000
7.0,-564667,7,100.0,3349,1,3500000
8.0,-261854,12,100.0,2718,1,2990000
8.0,-244802,5,800.0,3688,0,2950000
7.0,-38920,6,600.0,3500,1,2100000
8.0,-65933,7,100.0,1658,1,2300000
6.0,-28833,6,619.0,3231,1,2000000
6.0,-64974,7,100.0,1535,0,2294000
5.0,1869,6,270.0,2178,1,588000
3.0,1553,6,227.0,1982,1,450000
4.0,2464,5,336.0,2634,1,885000
3.0,2452,4,350.0,2500,0,875000
3.0,1530,2,110.0,4000,0,440000
3.0,1530,2,108.0,4074,0,440000
4.0,2465,4,240.0,4354,0,1045000
3.0,2126,7,390.0,1795,1,700000
4.0,2479,5,246.0,3654,1,899000
2.0,-9067,0,547.0,3108,0,1700000
3.0,-2280,4,410.0,3653,1,1497800
2.0,-303,3,387.0,3618,1,1400000
5.0,2165,5,370.0,3108,1,1150000
3.0,2389,6,250.0,3328,1,832000
3.0,-303,5,300.0,4667,1,1400000
3.0,2165,3,390.0,2949,1,1150000
7.0,-20661,8,100.0,1583,1,1900000
4.0,2247,4,550.0,2055,1,1130000
4.0,2512,5,390.0,2548,1,993771
8.0,-1823000,8,100.0,3986,1,4500000
7.0,-84370,5,885.0,2717,1,2404800
4.0,-44765,6,500.0,4300,1,2150000
1.0,1368,1,100.0,3690,0,369000
9.0,-266250,11,100.0,1250,1,3000000
6.0,-62000,6,600.0,3792,1,2275000
7.0,-24524,5,410.0,4756,1,1950000
5.0,-224653,6,650.0,4462,1,2900000
6.0,-38920,5,410.0,5122,0,2100000
4.0,-9067,5,250.0,6800,0,1700000
5.0,2514,5,740.0,1284,1,950000
7.0,-425334,8,911.0,3622,1,3300000
4.0,-6992,5,560.0,2946,1,1650000
4.0,-74326,5,400.0,5875,1,2350000
6.0,-5706,6,349.0,4628,1,1615000
5.0,-7993,6,508.0,3297,1,1675000
6.0,2410,4,341.0,3152,1,1075000
2.0,-220775,3,750.0,3853,1,2890000
5.0,2374,5,500.0,2180,1,1090000
5.0,712,4,246.0,5407,0,1330000
8.0,-84370,5,855.0,2813,1,2404800
3.0,1989,5,173.0,3699,0,640000
5.0,1081,4,303.0,4284,1,1298000
5.0,2374,4,357.0,3053,1,1090000
6.0,-58234,7,986.0,2282,1,2250000
5.0,452,7,459.0,2941,1,1350000
5.0,2514,5,651.0,1459,1,950000
5.0,2017,7,350.0,3371,1,1180000
4.0,-58234,7,930.0,2419,1,2250000
4.0,2361,6,390.0,2808,1,1095000
6.0,1900,3,300.0,4000,1,1200000
6.0,-266250,5,750.0,4000,1,3000000
1.0,1519,1,82.0,5305,0,435000
7.0,-101863,6,703.0,3542,1,2490000
2.0,2324,3,207.0,3841,1,795000
7.0,-1059741,7,761.0,5256,1,4000000
7.0,-9067,5,424.0,4009,1,1700000
4.0,-140,4,380.0,3658,1,1390000
4.0,-3649,4,370.0,4189,1,1550000
7.0,-104074,6,800.0,3125,1,2500000
4.0,-54633,4,600.0,3708,1,2225000
5.0,-1537,4,253.0,5791,0,1465000
5.0,2464,5,320.0,2766,1,885000
5.0,2115,6,360.0,1931,1,695000
3.0,2470,3,194.0,4588,0,890000
4.0,2070,4,314.0,2150,0,675000
3.0,2001,4,240.0,2688,1,645000
4.0,2510,5,335.0,2806,0,940000
5.0,2103,5,250.0,2760,1,690000
3.0,1574,4,150.0,3060,0,459000
5.0,1578,3,390.0,3192,1,1245000
9.0,-1645087,6,835.0,5269,1,4400000
5.0,-564667,6,840.0,4167,1,3500000
8.0,-14150,5,814.0,2211,1,1800000
3.0,2470,5,260.0,3423,0,890000
1.0,1195,1,86.0,3465,0,298000
3.0,1265,6,780.0,1641,1,1280000
4.0,2126,5,330.0,2121,1,700000
4.0,2012,7,310.0,2097,0,650000
3.0,1920,5,320.0,1906,1,610000
3.0,2081,6,360.0,1889,1,680000
8.0,-366133,7,100.0,2581,1,3200000
8.0,-6603834,6,100.0,2948,1,6000000
8.0,-104074,8,100.0,2500,1,2500000
9.0,-65933,7,100.0,1658,0,2300000
2.0,2517,7,514.0,1887,1,970000
6.0,-11444,5,675.0,2593,1,1750000
3.0,1850,4,175.0,3314,0,580000
7.0,-425334,7,800.0,4125,1,3300000
4.0,2070,4,280.0,4179,1,1170000
11.0,-645820,8,950.0,3789,1,3600000
4.0,1906,3,347.0,3455,1,1199000
5.0,-564667,5,963.0,3634,1,3500000
9.0,-2937084,7,100.0,4608,1,5000000
5.0,-2096,5,335.0,4448,1,1490000
7.0,-6603834,8,100.0,6000,1,6000000
2.0,2516,3,241.0,3983,1,960000
5.0,2464,5,330.0,2682,1,885000
4.0,-74326,6,700.0,3357,0,2350000
7.0,-1059741,4,698.0,5731,1,4000000
5.0,2510,6,300.0,3327,1,998000
4.0,2421,6,700.0,1529,1,1070000
7.0,-101863,7,835.0,2982,1,2490000
4.0,2516,5,360.0,2722,1,980000
5.0,-28833,5,340.0,5882,1,2000000
5.0,2512,4,239.0,3962,0,947000
3.0,1850,4,200.0,2900,0,580000
5.0,-2333,5,500.0,3000,1,1500000
9.0,-266250,9,100.0,1250,0,3000000
3.0,2514,6,750.0,1267,1,950000
9.0,-1645087,6,850.0,5176,1,4400000
9.0,-266250,9,100.0,1250,1,3000000
5.0,2347,6,495.0,2222,1,1100000
3.0,1382,4,130.0,2885,0,375000
6.0,-104074,5,750.0,3333,1,2500000
3.0,1439,4,119.0,3361,0,400000
8.0,-205750,6,100.0,1781,1,2850000
3.0,-2333,3,413.0,3632,1,1500000
1.0,2333,3,132.0,6061,1,800000
6.0,1536,4,420.0,2976,1,1250000
5.0,-1755,6,475.0,3105,1,1475000
6.0,1536,5,434.0,2880,1,1250000
4.0,1731,5,305.0,4016,1,1225000
5.0,1973,4,340.0,1862,1,633000
5.0,1536,5,399.0,3133,1,1250000
3.0,1885,5,390.0,1526,1,595000
6.0,-17213,6,660.0,2803,0,1850000
7.0,2347,6,545.0,2018,1,1100000
7.0,-102964,7,600.0,4158,1,2495000
4.0,-1225,5,300.0,4833,1,1450000
5.0,-4866,5,360.0,4417,1,1590000
4.0,452,5,500.0,2700,1,1350000
5.0,-9067,6,600.0,2833,1,1700000
3.0,2267,3,231.0,3316,1,766000
5.0,-1823000,5,100.0,3728,1,4500000
5.0,-2937084,6,628.0,7962,0,5000000
7.0,-99686,6,600.0,4133,1,2480000
3.0,452,4,549.0,2459,1,1350000
3.0,2509,4,242.0,4132,0,1000000
5.0,-4866,5,340.0,4676,1,1590000
6.0,-224653,7,700.0,4143,1,2900000
2.0,1848,4,268.0,2160,1,579000
1.0,1724,3,134.0,3918,1,525000
4.0,-14150,5,378.0,4762,1,1800000
3.0,-4866,4,395.0,4025,1,1590000
4.0,2470,4,175.0,5086,0,890000
5.0,2464,5,330.0,2682,1,885000
5.0,2103,5,250.0,2760,1,690000
5.0,2516,5,600.0,1633,1,980000
4.0,2402,5,364.0,2308,1,840000
6.0,2361,4,370.0,2959,1,1095000
4.0,-54633,5,450.0,4944,1,2225000
3.0,-14150,3,288.0,6250,1,1800000
7.0,-205750,6,100.0,1583,1,2850000
3.0,94,5,251.0,5478,1,1375000
4.0,-4866,4,450.0,3533,0,1590000
9.0,-1823000,8,100.0,3750,1,4500000
4.0,-3649,5,360.0,4306,1,1550000
4.0,2126,5,350.0,2000,1,700000
6.0,1536,5,450.0,2778,1,1250000
2.0,-303,3,371.0,3774,1,1400000
8.0,-84370,5,855.0,2813,0,2404800
2.0,2115,3,189.0,3677,0,695000
3.0,2035,3,150.0,4400,0,660000
4.0,-3649,5,424.0,3656,0,1550000
5.0,1070,4,330.0,3936,1,1299000
4.0,2058,8,350.0,1914,0,670000
5.0,2115,6,360.0,1931,0,695000
5.0,-188041,5,674.0,4154,1,2800000
5.0,-224653,5,662.0,4381,1,2900000
5.0,-366133,5,780.0,4103,1,3200000
5.0,-266250,5,701.0,4280,1,3000000
6.0,-425334,7,100.0,3300,1,3300000
4.0,2374,5,390.0,2795,0,1090000
3.0,-7993,4,360.0,4653,1,1675000
3.0,-7993,3,360.0,4653,1,1675000
4.0,-221,4,463.0,3013,1,1395000
5.0,2285,5,300.0,2583,1,775000
4.0,-4866,5,350.0,4543,1,1590000
7.0,-38809,6,625.0,3358,1,2099000
4.0,2145,5,340.0,3395,1,1154430
4.0,2120,5,330.0,3515,1,1159964
10.0,-6603834,13,100.0,3704,1,6000000
3.0,2452,4,270.0,3241,0,875000
5.0,-104074,6,722.0,3463,1,2500000
5.0,-366133,6,700.0,4571,1,3200000
5.0,1536,5,450.0,2778,1,1250000
4.0,-4866,5,340.0,4676,1,1590000
4.0,-58234,4,480.0,4688,1,2250000
3.0,313,4,345.0,3942,0,1360000
6.0,-156000,5,674.0,4006,1,2700000
3.0,-101863,7,835.0,2982,0,2490000
4.0,2417,6,410.0,2073,1,850000
7.0,-104074,8,600.0,4167,1,2500000
3.0,2192,4,180.0,4056,0,730000
2.0,2516,4,270.0,3556,0,960000
4.0,2315,6,296.0,2669,1,790000
3.0,2024,4,200.0,3275,0,655000
2.0,-64974,5,100.0,1843,0,2294000
4.0,1059,3,356.0,3652,1,1300000
8.0,-224653,9,978.0,2965,1,2900000
4.0,2115,5,256.0,2715,1,695000
4.0,2235,5,321.0,3530,1,1133211
4.0,2258,5,320.0,3522,1,1127094
4.0,2263,5,312.0,3608,1,1125623
4.0,2193,5,335.0,3413,1,1143491
6.0,-303,6,650.0,2154,1,1400000
6.0,-564667,6,937.0,3735,1,3500000
5.0,-1431,5,420.0,3476,0,1460000
3.0,2115,4,189.0,3677,1,695000
4.0,2479,5,246.0,3654,1,899000
6.0,1059,5,385.0,3377,1,1300000
6.0,1313,5,380.0,3355,1,1275000
6.0,452,5,424.0,3184,1,1350000
6.0,1313,5,383.0,3329,1,1275000
6.0,-564667,6,937.0,3735,1,3500000
6.0,-38920,6,598.0,3512,1,2100000
7.0,-74326,7,750.0,3133,1,2350000
5.0,-188041,7,980.0,2857,1,2800000
3.0,94,5,282.0,4876,1,1375000
6.0,-188041,5,840.0,3333,1,2800000
4.0,2402,5,364.0,2308,1,840000
5.0,-2096,8,552.0,2699,1,1490000
11.0,-941720,8,800.0,4875,0,3900000
6.0,2410,4,370.0,2905,1,1075000
6.0,2410,6,491.0,2189,1,1075000
5.0,2504,4,207.0,4493,0,930000
7.0,-422216,6,982.0,3355,1,3295000
11.0,-645820,8,650.0,5538,1,3600000
4.0,2362,3,174.0,4690,0,816000
4.0,2324,5,284.0,2799,0,795000
6.0,-104074,6,734.0,3406,1,2500000
4.0,2510,5,300.0,3327,1,998000
10.0,-266250,11,685.0,4380,1,3000000
4.0,2391,4,174.0,4787,0,833000
6.0,-1059741,5,698.0,5731,1,4000000
5.0,-171474,4,750.0,3667,1,2750000
10.0,-999433,12,100.0,3292,1,3950000
7.0,-102964,7,800.0,3119,1,2495000
9.0,-205750,6,100.0,1676,0,2850000
5.0,-156000,5,100.0,2700,1,2700000
4.0,-303,5,213.0,6573,0,1400000
6.0,-64974,7,100.0,1843,1,2294000
2.0,-64974,3,100.0,1843,0,2294000
6.0,-51191,8,665.0,3308,1,2200000
4.0,2516,5,330.0,2968,0,979500
6.0,-64339,6,600.0,3817,1,2290000
5.0,-2333,5,483.0,3106,1,1500000
5.0,-9067,6,750.0,2400,1,1700000
6.0,-11444,7,992.0,1764,1,1750000
8.0,-12754,8,998.0,1779,1,1775000
8.0,-156000,5,100.0,2571,1,2700000
8.0,-261854,10,999.0,2993,1,2990000
3.0,313,3,345.0,3942,1,1360000
5.0,-104074,5,900.0,2778,1,2500000
9.0,-303,6,758.0,1847,0,1400000
6.0,2410,6,491.0,2189,1,1075000
5.0,-9067,5,321.0,5296,0,1700000
3.0,2121,4,276.0,2529,1,698000
5.0,-1059741,5,750.0,5333,1,4000000
6.0,-13864,5,383.0,4687,1,1795000
3.0,-19939,3,553.0,3418,1,1890000
9.0,-171474,9,761.0,3614,1,2750000
6.0,-38920,5,500.0,4200,1,2100000
8.0,-1823000,7,100.0,3670,1,4500000
5.0,-188041,6,662.0,4230,1,2800000
6.0,-374599,5,780.0,4122,0,3215000
6.0,-270700,5,701.0,4294,1,3010000
6.0,-2333,6,453.0,3311,1,1500000
5.0,-78796,4,470.0,5053,1,2375000
5.0,-9980,4,400.0,4300,1,1720000
5.0,-9067,4,400.0,4250,1,1700000
5.0,-5194,4,400.0,4000,1,1600000
5.0,-17871,4,470.0,3957,1,1860000
7.0,-1823000,7,100.0,3670,1,4500000
6.0,-4547,4,528.0,2992,1,1580000
10.0,-9377334,9,100.0,3123,1,6500000
9.0,-645820,7,100.0,3163,1,3600000
7.0,-253223,7,100.0,2700,1,2970000
8.0,-65933,7,100.0,1910,1,2300000
9.0,-104074,9,930.0,2688,1,2500000
5.0,-13026,5,300.0,5933,1,1780000
9.0,-1823000,8,100.0,3750,1,4500000
8.0,-425334,8,990.0,3333,1,3300000
6.0,-783412,6,100.0,3655,1,3750000
11.0,-564667,12,100.0,1591,1,3500000
7.0,-102303,7,800.0,3115,1,2492000
6.0,-366133,6,700.0,4571,1,3200000
7.0,-11444,6,100.0,1750,1,1750000
16.0,-266250,10,100.0,1250,1,3000000
6.0,-564667,6,540.0,6481,1,3500000
2.0,1839,2,148.0,3885,0,575000
5.0,1900,3,420.0,2857,1,1200000
6.0,-74326,6,700.0,3357,1,2350000
6.0,-8202,6,742.0,2264,1,1680000
4.0,-17213,4,298.0,6208,1,1850000
6.0,-3939,5,326.0,4785,0,1560000
5.0,-1537,4,253.0,5791,0,1465000
5.0,712,4,246.0,5407,0,1330000
5.0,-19939,6,500.0,3780,1,1890000
6.0,2410,3,370.0,2905,1,1075000
5.0,242,4,254.0,5374,0,1365000
13.0,-12943325,8,100.0,5882,1,7000000
2.0,2121,4,276.0,2529,1,698000
5.0,-266250,5,600.0,5000,1,3000000
6.0,-38920,6,600.0,3500,1,2100000
4.0,2044,6,300.0,3917,0,1175000
4.0,-140,6,350.0,3971,1,1390000
7.0,1536,5,434.0,2880,1,1250000
4.0,773,5,374.0,3543,1,1325000
5.0,-366133,6,630.0,5079,1,3200000
4.0,2464,5,335.0,2642,1,885000
8.0,-104074,8,960.0,2604,1,2500000
4.0,2103,5,282.0,2447,1,690000
6.0,-2333,6,453.0,3311,1,1500000
3.0,-4866,4,500.0,3180,0,1590000
5.0,-64339,5,720.0,3181,1,2290000
7.0,-188041,5,100.0,2800,1,2800000
2.0,2115,7,189.0,3677,0,695000
10.0,-20646385,7,100.0,3900,1,7800000
6.0,-5194,9,600.0,2667,0,1600000
4.0,2432,4,320.0,2688,1,860000
3.0,2515,4,235.0,4191,1,985000
2.0,-3649,9,350.0,4429,0,1550000
2.0,1064,2,102.0,2441,0,249000
8.0,-83453,8,840.0,2857,1,2400000
7.0,-36737,5,100.0,1435,1,2080000
6.0,-783412,5,100.0,3750,1,3750000
6.0,-1480474,5,775.0,5548,1,4300000
14.0,-266250,8,100.0,1250,1,3000000
3.0,2512,4,288.0,3451,1,993772
6.0,-266250,9,100.0,2913,1,3000000
5.0,2266,4,545.0,2064,1,1125000
5.0,2464,5,335.0,2642,1,885000
3.0,2470,4,300.0,2967,1,890000
3.0,-1225,5,300.0,4833,1,1450000
6.0,-51191,5,598.0,3679,1,2200000
8.0,-425334,6,800.0,4125,1,3300000
5.0,-65933,6,890.0,2584,0,2300000
5.0,-38809,5,600.0,3498,0,2099000
6.0,-1755,6,485.0,3041,1,1475000
8.0,-84370,5,544.0,4421,0,2404800
8.0,-6603834,10,100.0,2948,1,6000000
2.0,2513,5,289.0,3284,0,949000
2.0,2115,4,189.0,3677,1,695000
6.0,-1225,6,500.0,2900,1,1450000
4.0,2213,5,277.0,2671,1,740000
6.0,-366133,7,100.0,2286,1,3200000
5.0,-1059741,5,750.0,5333,1,4000000
6.0,-24524,6,410.0,4756,1,1950000
6.0,-58234,7,720.0,3125,1,2250000
8.0,-266250,8,100.0,1250,0,3000000
7.0,-1823000,5,100.0,3670,1,4500000
8.0,-58234,8,986.0,2282,1,2250000
4.0,-941720,6,500.0,7800,1,3900000
2.0,1941,5,190.0,3258,0,619000
4.0,-1193,4,341.0,4248,0,1448402
4.0,-1231,4,341.0,4253,0,1450273
4.0,-1264,4,341.0,4258,0,1451889
3.0,2416,5,244.0,3480,1,849000
1.0,1885,4,151.0,3940,1,595000
8.0,-253223,7,100.0,2700,1,2970000
6.0,-564667,6,937.0,3735,1,3500000
7.0,-156000,7,100.0,2606,1,2700000
5.0,2103,5,250.0,2760,1,690000
4.0,2283,5,280.0,4000,0,1120000
5.0,2514,6,460.0,2065,1,950000
5.0,-8202,6,660.0,2545,1,1680000
5.0,-266250,5,761.0,3942,1,3000000
6.0,-98610,6,737.0,3358,1,2475000
7.0,-104074,6,780.0,3205,1,2500000
7.0,-244802,7,800.0,3688,1,2950000
6.0,-38920,5,418.0,5024,1,2100000
5.0,2410,3,382.0,2814,1,1075000
8.0,-28833,7,918.0,2179,0,2000000
4.0,-14150,5,450.0,4000,1,1800000
5.0,-689500,6,901.0,4051,1,3650000
6.0,-64339,5,720.0,3181,1,2290000
5.0,-19939,6,501.0,3772,1,1890000
7.0,-38809,6,625.0,3358,1,2099000
5.0,1165,9,571.0,2259,1,1290000
6.0,-38920,5,410.0,5122,1,2100000
7.0,-65933,7,890.0,2584,1,2300000
3.0,1989,5,281.0,2278,1,640000
4.0,2234,5,315.0,2381,1,750000
7.0,-244802,5,800.0,3688,1,2950000
5.0,2510,6,300.0,3327,1,998000
5.0,2489,4,411.0,2214,1,910000
4.0,94,5,373.0,3686,1,1375000
4.0,1313,5,356.0,3581,1,1275000
4.0,1731,5,344.0,3561,1,1225000
3.0,-58234,4,540.0,4167,1,2250000
4.0,2479,5,240.0,3746,1,899000
5.0,-1645,5,449.0,3274,1,1470000
5.0,2417,6,410.0,2073,1,850000
4.0,2410,5,320.0,2641,1,845000
6.0,-224653,8,100.0,2091,1,2900000
11.0,-645820,8,800.0,4500,1,3600000
4.0,2126,4,340.0,2059,1,700000
10.0,-9377334,9,100.0,3125,1,6500000
7.0,-104074,5,100.0,2500,1,2500000
6.0,-51191,6,533.0,4128,1,2200000
2.0,2410,5,181.0,5939,1,1075000
7.0,-689500,6,901.0,4051,1,3650000
6.0,-51191,6,664.0,3313,1,2200000
8.0,-156000,7,100.0,2606,1,2700000
7.0,-65933,6,890.0,2584,1,2300000
4.0,2103,5,256.0,2695,1,690000
2.0,537,3,358.0,3753,1,1343600
6.0,-64339,6,728.0,3146,1,2290000
7.0,-425334,7,800.0,4125,1,3300000
7.0,-491344,5,800.0,4250,1,3400000
6.0,-11444,7,700.0,2500,1,1750000
8.0,-58234,8,700.0,3214,1,2250000
3.0,18,3,340.0,4059,1,1380000
6.0,1265,4,422.0,3033,1,1280000
5.0,2512,4,306.0,3252,1,995000
4.0,1955,5,261.0,2395,1,625000
5.0,-58234,6,800.0,2812,1,2250000
4.0,-17213,5,450.0,4111,1,1850000
6.0,2410,4,370.0,2905,1,1075000
2.0,2115,7,189.0,3677,1,695000
4.0,-19939,4,550.0,3436,1,1890000
4.0,2517,5,247.0,3947,1,975000
7.0,-11444,7,992.0,1764,1,1750000
5.0,1536,5,399.0,3133,1,1250000
5.0,-3649,5,424.0,3656,0,1550000
5.0,-3649,5,424.0,3656,0,1550000
6.0,-224653,5,674.0,4303,1,2900000
5.0,-4547,4,400.0,3950,1,1580000
5.0,1536,5,378.0,3307,1,1250000
6.0,-156000,5,100.0,2606,1,2700000
8.0,-20661,6,634.0,2997,1,1900000
3.0,2389,6,239.0,3481,1,832000
5.0,-8202,6,700.0,2400,1,1680000
5.0,1536,4,486.0,2572,1,1250000
7.0,-886529,5,803.0,4795,1,3850000
4.0,-303,5,214.0,6542,0,1400000
4.0,2514,4,292.0,3390,0,990000
7.0,-98610,6,630.0,3929,1,2475000
4.0,2497,7,484.0,1901,1,920000
5.0,2514,6,488.0,2029,1,990000
3.0,2457,5,285.0,3684,1,1050000
8.0,2374,7,500.0,2180,1,1090000
5.0,-425334,5,682.0,4839,1,3300000
3.0,-6992,5,319.0,5172,1,1650000
4.0,712,4,380.0,3500,1,1330000
5.0,-87319,6,554.0,4368,1,2420000
5.0,-2333,6,462.0,3247,1,1500000
6.0,2457,5,322.0,3261,1,1050000
1.0,1897,6,202.0,2970,0,600000
6.0,2514,6,560.0,1768,1,990000
4.0,2386,4,265.0,3132,0,830000
1.0,1508,3,96.0,4479,1,430000
5.0,2516,6,393.0,2489,1,978000
8.0,-93355,8,702.0,3490,1,2450000
5.0,773,5,430.0,3081,1,1325000
5.0,-1225,6,587.0,2470,1,1450000
3.0,2245,4,250.0,3020,1,755000
4.0,2452,5,317.0,2760,1,875000
6.0,-221,5,480.0,2906,1,1395000
4.0,-2096,7,460.0,3239,1,1490000
3.0,2512,4,315.0,3152,1,993000
3.0,2517,4,312.0,3109,1,970000
5.0,2478,6,300.0,3450,0,1035000
2.0,1393,2,94.0,4042,0,379907
5.0,1059,6,483.0,2692,1,1300000
6.0,1960,6,489.0,2434,1,1190000
4.0,712,5,383.0,3473,1,1330000
4.0,2514,6,400.0,2375,1,950000
4.0,1059,4,500.0,2600,1,1300000
6.0,-24524,6,613.0,3181,1,1950000
4.0,2514,5,268.0,3694,1,990000
5.0,-366133,4,590.0,5424,1,3200000
4.0,2470,6,398.0,2236,1,890000
5.0,2512,7,505.0,1970,1,995000
5.0,-8628,5,435.0,3885,1,1690000
3.0,712,6,381.0,3491,1,1330000
5.0,2417,5,383.0,2219,1,850000
8.0,-49857,7,950.0,2305,1,2190000
2.0,1885,3,170.0,3500,0,595000
4.0,1733,4,132.0,4008,1,529000
4.0,2417,4,383.0,2219,1,850000
4.0,2417,5,384.0,2214,0,850000
3.0,-74326,5,450.0,5222,1,2350000
4.0,2470,6,398.0,2236,1,890000
7.0,-65933,7,680.0,3382,1,2300000
6.0,2503,5,387.0,2610,1,1010000
5.0,1165,6,395.0,3266,0,1290000
4.0,2514,5,375.0,2640,1,990000
3.0,-74326,5,450.0,5222,1,2350000
3.0,-39023,5,405.0,5187,0,2100920
6.0,2512,7,505.0,1970,0,995000
3.0,2040,2,145.0,4566,0,662000
3.0,2103,5,195.0,3538,0,690000
5.0,2509,7,400.0,2500,0,1000000
5.0,1975,5,305.0,3893,1,1187500
3.0,2457,4,252.0,4167,1,1050000
8.0,2374,7,500.0,2180,1,1090000
1.0,1370,4,100.0,3700,0,370000
7.0,2421,6,376.0,2846,1,1070000
1.0,945,1,64.0,3266,0,209000
6.0,-425334,5,682.0,4839,1,3300000
5.0,1313,6,330.0,3864,1,1275000
5.0,2402,4,303.0,2772,1,840000
3.0,2245,4,250.0,3020,1,755000
6.0,-128137,8,955.0,2723,1,2600000
2.0,1873,4,129.0,4574,1,590000
5.0,2417,5,414.0,2053,1,850000
5.0,-27054,6,675.0,2933,1,1980000
9.0,-188041,6,879.0,3185,1,2800000
5.0,1059,6,420.0,3095,1,1300000
6.0,2517,5,400.0,2438,0,975000
4.0,1900,4,330.0,3636,0,1200000
6.0,2313,5,278.0,2838,1,789000
6.0,-11444,6,700.0,2500,1,1750000
5.0,-87319,5,509.0,4754,1,2420000
7.0,-98610,7,603.0,4104,1,2475000
6.0,-156000,3,727.0,3714,1,2700000
5.0,2361,7,439.0,2494,1,1095000
6.0,-128137,8,955.0,2723,1,2600000
7.0,2374,6,500.0,2180,1,1090000
4.0,2514,5,360.0,2750,1,990000
6.0,2480,6,387.0,2326,1,900000
6.0,-128137,8,955.0,2723,1,2600000
4.0,-20661,5,575.0,3304,1,1900000
4.0,2470,7,513.0,1735,0,890000
5.0,-20661,4,575.0,3304,1,1900000
7.0,-2681861,6,100.0,4900,0,4900000
7.0,-2681861,9,100.0,3769,1,4900000
3.0,2295,4,278.0,2806,1,780000
6.0,-19939,6,600.0,3150,0,1890000
5.0,2402,4,303.0,2772,1,840000
6.0,-1225,5,352.0,4119,1,1450000
1.0,1508,3,80.0,5375,1,430000
4.0,2512,7,505.0,1970,1,995000
4.0,2496,4,343.0,2676,1,917700
4.0,2503,4,350.0,2651,1,927700
1.0,1311,1,400.0,862,0,345000
7.0,-188041,7,950.0,2947,1,2800000
11.0,-83453,10,600.0,4000,1,2400000
5.0,1975,5,305.0,3893,0,1187500
5.0,1975,5,305.0,3893,0,1187500
5.0,1978,5,290.0,4093,1,1187000
2.0,2400,3,147.0,5707,0,839000
5.0,2417,4,414.0,2053,1,850000
5.0,-14150,5,752.0,2394,1,1800000
3.0,-39023,5,696.0,3019,1,2100920
2.0,2012,4,324.0,2006,0,650000
6.0,-20661,7,517.0,3675,1,1900000
5.0,-425334,5,680.0,4853,1,3300000
3.0,2047,4,146.0,4555,0,665000
6.0,-1225,5,388.0,3737,1,1450000
6.0,-1431,5,368.0,3967,1,1460000
6.0,-4238,5,397.0,3955,1,1570000
6.0,-4866,5,417.0,3813,1,1590000
5.0,-59721,7,657.0,3440,1,2260000
6.0,-65933,7,600.0,3833,1,2300000
5.0,2514,5,420.0,2262,1,950000
6.0,-87319,6,550.0,4400,1,2420000
5.0,-14150,5,521.0,3455,1,1800000
6.0,-22927,5,547.0,3528,0,1930000
7.0,-2681861,9,100.0,4900,1,4900000
4.0,-2333,6,372.0,4032,1,1500000
2.0,2441,3,145.0,5979,0,867000
2.0,2496,3,158.0,6449,0,1019000
4.0,2514,6,370.0,2676,1,990000
3.0,2161,3,116.0,6172,0,716010
2.0,1732,2,88.0,6005,0,528397
3.0,2343,3,134.0,6010,0,805298
4.0,2266,4,316.0,3560,1,1125000
4.0,2044,4,303.0,3878,1,1175000
4.0,2044,4,303.0,3878,1,1175000
4.0,2266,4,316.0,3560,1,1125000
3.0,-835,5,300.0,4767,1,1430000
4.0,169,4,302.0,4536,1,1370000
3.0,1485,5,211.0,1991,0,420000
2.0,1633,4,169.0,2870,1,485000
2.0,1897,5,135.0,4444,1,600000
5.0,-27054,6,675.0,2933,1,1980000
1.0,798,1,51.0,3235,0,165000
4.0,2417,5,383.0,2219,1,850000
6.0,-171346,8,100.0,2750,1,2749600
5.0,-224653,4,700.0,4143,1,2900000
4.0,2458,6,292.0,3014,1,880000
5.0,2044,6,350.0,3357,0,1175000
4.0,2514,5,360.0,2750,1,990000
4.0,2416,5,372.0,2282,1,849000
8.0,-261854,11,100.0,2990,1,2990000
6.0,-1225,5,350.0,4143,1,1450000
2.0,1024,2,70.0,3357,0,235000
6.0,2514,7,488.0,2029,1,990000
4.0,2417,5,400.0,2125,1,850000
6.0,2480,6,400.0,2250,1,900000
1.0,1052,3,113.0,2168,0,245000
5.0,2044,6,380.0,3092,1,1175000
4.0,2012,5,360.0,1806,1,650000
3.0,1059,3,570.0,2281,0,1300000
5.0,539,7,394.0,3410,0,1343500
1.0,1873,4,150.0,3933,1,590000
2.0,1067,3,100.0,2500,0,250000
5.0,2514,6,513.0,1930,1,990000
4.0,2417,4,383.0,2219,1,850000
4.0,2417,4,384.0,2214,0,850000
4.0,2417,4,383.0,2219,1,850000
2.0,1485,4,115.0,3652,0,420000
4.0,2417,4,383.0,2219,1,850000
6.0,-366133,5,400.0,8000,1,3200000
5.0,-59721,7,802.0,2818,1,2260000
7.0,-51191,6,677.0,3250,1,2200000
4.0,2285,5,371.0,2089,1,775000
5.0,2324,5,377.0,2109,1,795000
4.0,2432,5,360.0,2389,0,860000
4.0,2480,4,343.0,3015,1,1034000
3.0,2386,6,389.0,2134,1,830000
5.0,1975,5,305.0,3893,1,1187500
3.0,2378,4,200.0,4125,0,825000
3.0,2378,3,185.0,4459,1,825000
4.0,1975,5,300.0,3958,1,1187500
1.0,1151,1,79.0,3557,0,281000
2.0,2287,4,195.0,3979,0,776000
1.0,964,2,110.0,1955,0,215000
2.0,1108,2,110.0,2409,0,265000
5.0,2504,5,407.0,2283,1,929000
3.0,2295,4,181.0,4309,0,780000
3.0,2417,6,180.0,4722,1,850000
5.0,2516,5,380.0,2526,1,960000
3.0,1781,3,143.0,3846,0,550000
3.0,2417,4,240.0,3542,1,850000
1.0,1382,2,96.0,3906,0,375000
8.0,-261854,9,100.0,2990,1,2990000
4.0,-1225,4,340.0,4265,1,1450000
1.0,917,2,70.0,2857,0,200000
3.0,-6992,4,320.0,5156,1,1650000
5.0,2333,5,351.0,2279,1,800000
4.0,2475,7,484.0,1849,0,895000
3.0,2417,4,300.0,2833,1,850000
4.0,2331,4,338.0,2364,1,799000
2.0,-39023,3,696.0,3019,0,2100920
4.0,2514,5,465.0,2043,1,950000
6.0,1960,6,580.0,2052,1,1190000
4.0,2416,5,371.0,2288,1,849000
3.0,1174,5,179.0,1620,1,290000
4.0,2126,4,248.0,2823,1,700000
2.0,2035,3,100.0,6600,0,660000
6.0,2515,7,428.0,2301,1,985000
4.0,2012,5,260.0,2500,1,650000
3.0,-48497,5,696.0,3132,0,2179600
1.0,833,2,60.0,2917,0,175000
5.0,2119,6,450.0,2578,0,1160000
4.0,2501,7,520.0,1779,0,925000
1.0,780,1,60.0,2667,0,160000
5.0,2044,4,499.0,2355,1,1175000
7.0,-6992,8,700.0,2357,1,1650000
4.0,2416,5,371.0,2288,1,849000
4.0,2374,5,236.0,4619,0,1090000
5.0,-1225,6,587.0,2470,1,1450000
5.0,-4547,4,402.0,3930,1,1580000
4.0,712,5,383.0,3473,1,1330000
5.0,-221,5,467.0,2987,1,1395000
5.0,2512,6,505.0,1970,0,995000
3.0,2352,6,220.0,3682,1,810000
3.0,1485,5,211.0,1991,0,420000
5.0,773,4,499.0,2655,1,1325000
5.0,1900,6,251.0,4781,1,1200000
4.0,2417,5,304.0,2796,1,850000
4.0,-221,5,382.0,3652,1,1395000
2.0,1287,2,82.0,4085,0,335000
5.0,-59721,7,802.0,2818,1,2260000
7.0,-188041,7,879.0,3185,1,2800000
5.0,-4547,5,463.0,3413,1,1580000
3.0,2165,5,242.0,4752,1,1150000
5.0,-303,6,487.0,2875,1,1400000
7.0,-36205,7,702.0,2956,1,2075000
6.0,2517,5,234.0,4167,1,975000
5.0,-4547,4,402.0,3930,0,1580000
5.0,2457,5,430.0,2442,1,1050000
5.0,-366133,5,596.0,5369,1,3200000
5.0,2516,5,400.0,2450,1,980000
3.0,1873,5,267.0,2210,1,590000
6.0,2421,6,375.0,2853,1,1070000
6.0,1536,6,299.0,4181,1,1250000
6.0,2457,5,242.0,4339,1,1050000
6.0,1900,6,299.0,4013,1,1200000
2.0,1230,2,84.0,3714,1,312000
2.0,1405,3,130.0,2962,1,385000
6.0,1536,6,299.0,4181,1,1250000
4.0,2517,4,234.0,4167,1,975000
3.0,1873,5,267.0,2210,1,590000
3.0,2126,6,180.0,3889,0,700000
3.0,1587,5,190.0,2447,0,465000
6.0,-87319,6,554.0,4368,1,2420000
2.0,2159,3,229.0,3122,0,715000
2.0,2159,3,226.0,3164,0,715000
2.0,2070,3,158.0,4272,0,675000
2.0,2047,3,147.0,4524,0,665000
3.0,2070,3,147.0,4592,0,675000
3.0,2047,3,157.0,4236,0,665000
5.0,-19939,6,545.0,3468,1,1890000
3.0,-3649,5,276.0,5616,1,1550000
6.0,-188041,7,899.0,3115,1,2800000
3.0,1485,4,211.0,1991,0,420000
5.0,1081,5,305.0,4256,1,1298000
5.0,-303,7,468.0,2991,1,1400000
3.0,785,5,302.0,4384,1,1324000
3.0,649,5,302.0,4421,1,1335000
3.0,242,4,301.0,4535,1,1365000
4.0,2290,4,168.0,4627,0,777385
6.0,2517,5,312.0,3125,1,975000
11.0,-366133,11,100.0,2585,1,3200000
5.0,1618,7,450.0,2756,1,1240000
5.0,712,6,400.0,3325,0,1330000
5.0,452,6,450.0,3000,0,1350000
4.0,1313,6,373.0,3418,1,1275000
5.0,2445,8,359.0,2423,0,870000
5.0,2213,5,252.0,2937,1,740000
6.0,-366133,6,560.0,5714,1,3200000
5.0,1165,6,395.0,3266,0,1290000
5.0,-59721,6,802.0,2818,1,2260000
3.0,-20661,4,500.0,3800,1,1900000
6.0,-244802,4,630.0,4683,1,2950000
7.0,-49857,6,875.0,2503,1,2190000
4.0,2265,5,260.0,2942,1,765000
8.0,-188041,7,879.0,3185,1,2800000
3.0,1576,4,168.0,2738,1,460000
5.0,-425334,5,680.0,4853,1,3300000
2.0,1435,1,103.0,3864,0,398000
5.0,2464,4,371.0,2385,1,885000
4.0,-1431,6,574.0,2544,1,1460000
5.0,-14150,5,521.0,3455,1,1800000
4.0,1900,5,480.0,2500,1,1200000
2.0,1370,0,309.0,1197,0,370000
5.0,-303,5,487.0,2875,1,1400000
6.0,-366133,6,561.0,5704,1,3200000
2.0,2010,3,317.0,2047,0,649000
5.0,-87319,5,550.0,4400,1,2420000
7.0,-188041,7,900.0,3111,1,2800000
5.0,539,6,394.0,3410,0,1343500
3.0,1989,5,270.0,4389,1,1185000
5.0,2124,6,251.0,2785,0,699000
4.0,2432,5,360.0,2389,1,860000
6.0,2512,7,505.0,1970,1,995000
4.0,2295,5,309.0,2524,1,780000
2.0,1299,3,126.0,2698,0,340000
5.0,2165,6,359.0,3203,1,1150000
5.0,2275,5,270.0,2852,1,770000
3.0,1746,4,158.0,3385,0,534900
5.0,712,6,480.0,2771,1,1330000
13.0,2159,13,513.0,1394,1,715000
5.0,2402,4,300.0,2800,1,840000
4.0,-60,4,340.0,4074,1,1385000
5.0,1081,5,290.0,4476,1,1298000
4.0,2516,5,400.0,2450,1,980000
4.0,2514,5,450.0,2111,1,950000
6.0,-19939,6,600.0,3150,1,1890000
6.0,-20661,7,654.0,2905,1,1900000
7.0,-65933,7,600.0,3833,1,2300000
6.0,1536,6,413.0,3027,1,1250000
6.0,1900,6,413.0,2906,1,1200000
4.0,2449,6,447.0,2360,1,1055000
5.0,2454,6,332.0,2642,0,877000
5.0,2497,6,332.0,2771,0,920000
3.0,2213,3,165.0,4483,0,739700
3.0,2169,3,165.0,4362,0,719700
6.0,-425334,5,670.0,4925,1,3300000
4.0,2496,4,252.0,3642,0,917700
8.0,2361,5,487.0,2248,1,1095000
5.0,2445,6,360.0,2417,0,870000
4.0,1900,4,280.0,4286,1,1200000
6.0,-1225,5,352.0,4119,1,1450000
8.0,-17213,8,600.0,3083,1,1850000
5.0,-4547,4,402.0,3930,1,1580000
5.0,-26621,7,710.0,2782,1,1975000
6.0,-65133,6,618.0,3714,1,2295000
4.0,-38920,4,395.0,5316,1,2100000
4.0,-83453,4,380.0,6316,1,2400000
6.0,-188041,5,607.0,4613,0,2800000
5.0,-13026,6,500.0,3560,1,1780000
6.0,-24524,4,624.0,3125,1,1950000
4.0,2170,6,350.0,2057,1,720000
5.0,1536,6,400.0,3125,1,1250000
5.0,-14150,5,549.0,3279,1,1800000
5.0,-4866,5,400.0,3975,1,1590000
5.0,-266250,5,600.0,5000,1,3000000
6.0,-564667,6,724.0,4834,1,3500000
4.0,2517,4,379.0,2546,1,965000
6.0,-44765,5,578.0,3720,1,2150000
5.0,-22927,5,319.0,6050,0,1930000
5.0,-17213,5,755.0,2450,1,1850000
5.0,-27054,4,575.0,3443,1,1980000
5.0,-14150,5,420.0,4286,1,1800000
4.0,2514,5,369.0,2683,1,990000
6.0,-17213,7,493.0,3753,1,1850000
5.0,-17213,7,700.0,2643,1,1850000
5.0,-44765,5,450.0,4778,1,2150000
5.0,1165,5,450.0,2867,1,1290000
7.0,-17213,5,580.0,3190,1,1850000
6.0,-17213,6,755.0,2450,1,1850000
3.0,2475,5,340.0,2632,1,895000
5.0,-140,5,360.0,3861,1,1390000
5.0,-735341,7,998.0,3707,1,3700000
4.0,-1866,5,362.0,4088,1,1480000
5.0,-140,5,361.0,3850,1,1390000
6.0,-17213,6,636.0,2909,1,1850000
6.0,1313,9,450.0,2833,1,1275000
5.0,2457,4,534.0,1966,1,1050000
5.0,-224653,5,466.0,6223,1,2900000
5.0,-51191,5,592.0,3716,1,2200000
7.0,-28833,7,470.0,4255,1,2000000
4.0,-4391,6,450.0,3500,1,1575000
5.0,1313,6,500.0,2550,1,1275000
3.0,2170,3,125.0,5760,0,720000
6.0,-1755,6,487.0,3029,1,1475000
5.0,-313261,6,750.0,4133,1,3100000
3.0,964,2,105.0,2048,0,215000
6.0,-1059741,6,100.0,2667,0,4000000
5.0,-564667,5,700.0,5000,1,3500000
5.0,2470,5,340.0,2618,1,890000
9.0,-11052891,8,100.0,5875,1,6750000
5.0,-83453,5,300.0,8000,1,2400000
7.0,-1823000,9,100.0,4429,1,4500000
5.0,2514,6,400.0,2475,0,990000
6.0,-65133,6,618.0,3714,1,2295000
3.0,2265,4,335.0,2284,1,765000
5.0,-140,5,500.0,2780,1,1390000
3.0,2516,3,320.0,3000,0,960000
5.0,-4866,5,391.0,4066,1,1590000
7.0,-44765,7,447.0,4810,1,2150000
4.0,1165,6,447.0,2886,1,1290000
6.0,-17213,6,755.0,2450,1,1850000
5.0,-2214,5,380.0,3934,1,1495000
6.0,18,5,423.0,3262,1,1380000
6.0,-14150,6,370.0,4865,1,1800000
3.0,2417,4,221.0,3846,1,850000
5.0,-17213,5,700.0,2643,1,1850000
5.0,-9067,5,500.0,3400,1,1700000
5.0,-17213,6,650.0,2846,1,1850000
5.0,-1225,5,360.0,4028,0,1450000
4.0,452,5,402.0,3358,1,1350000
5.0,-886529,6,950.0,4053,1,3850000
3.0,-32525,4,359.0,5680,1,2039000
5.0,-4866,5,391.0,4066,1,1590000
8.0,-886529,7,764.0,5039,1,3850000
6.0,-2871645,6,100.0,4326,1,4975000
4.0,-140,5,361.0,3850,1,1390000
2.0,1197,3,145.0,2062,0,299000
3.0,2369,5,257.0,3191,1,820000
6.0,1113,6,411.0,3151,1,1295000
9.0,-24524,11,654.0,2982,1,1950000
8.0,-1823000,6,901.0,4994,1,4500000
4.0,-1225,5,394.0,3680,0,1450000
6.0,-51191,6,780.0,2821,1,2200000
5.0,-4737,5,416.0,3812,1,1586000
5.0,-1059741,5,707.0,5658,1,4000000
7.0,-886529,7,747.0,5154,1,3850000
3.0,2417,7,221.0,3846,1,850000
6.0,-2096,5,400.0,3725,1,1490000
6.0,-2333,7,385.0,3896,1,1500000
5.0,2410,5,376.0,2859,1,1075000
3.0,2417,7,221.0,3846,1,850000
6.0,-11413234,8,819.0,8303,1,6800000
5.0,-1866,5,360.0,4111,1,1480000
5.0,-1225,3,450.0,3222,1,1450000
4.0,-14150,5,400.0,4500,1,1800000
4.0,2410,5,262.0,3225,1,845000
6.0,-1059741,6,707.0,5658,1,4000000
3.0,1642,4,132.0,3705,0,489000
6.0,-9067,5,550.0,3091,1,1700000
4.0,-83453,5,300.0,8000,1,2400000
6.0,-188041,6,753.0,3718,1,2800000
4.0,-4391,6,450.0,3500,1,1575000
7.0,-58234,6,625.0,3600,1,2250000
5.0,-886529,7,100.0,3632,1,3850000
6.0,-1823000,5,100.0,4500,0,4500000
5.0,1536,5,400.0,3125,0,1250000
3.0,-224653,5,466.0,6223,1,2900000
5.0,-266250,5,600.0,5000,0,3000000
6.0,-742,5,373.0,3820,1,1425000
7.0,-58234,6,666.0,3378,1,2250000
5.0,-742,5,373.0,3820,1,1425000
6.0,-5194,5,450.0,3556,1,1600000
2.0,1238,2,121.0,2603,0,315000
5.0,1912,5,360.0,3328,1,1198000
4.0,1165,3,411.0,3139,1,1290000
5.0,-2333,4,400.0,3750,0,1500000
2.0,1496,4,135.0,3148,1,425000
5.0,-65933,5,450.0,5111,1,2300000
2.0,1006,0,104.0,2202,0,229000
4.0,-27054,4,575.0,3443,1,1980000
2.0,1172,3,80.0,3612,0,289000
5.0,2347,7,371.0,2965,1,1100000
2.0,2126,3,163.0,4294,0,700000
3.0,2170,3,150.0,4800,0,720000
5.0,-140,5,410.0,3390,1,1390000
8.0,-17213,7,600.0,3083,1,1850000
4.0,2170,5,383.0,1880,0,720000
5.0,2058,4,265.0,2528,1,670000
4.0,2479,4,389.0,2311,1,899000
5.0,-9067,5,391.0,4348,1,1700000
5.0,-2333,5,372.0,4032,1,1500000
4.0,-38920,3,392.0,5357,1,2100000
5.0,-14150,5,420.0,4286,1,1800000
4.0,-742,4,380.0,3750,1,1425000
4.0,-735341,6,998.0,3707,1,3700000
5.0,-1011284,5,650.0,6092,1,3960000
3.0,2514,6,625.0,1584,1,990000
3.0,2514,4,625.0,1584,0,990000
2.0,1878,7,107.0,5533,1,592000
6.0,2470,4,242.0,3678,1,890000
5.0,2516,5,413.0,2373,1,980000
4.0,1059,8,450.0,2889,0,1300000
1.0,1655,1,84.0,5893,0,495000
6.0,-11413234,8,819.0,8303,1,6800000
5.0,-7993,5,384.0,4362,1,1675000
4.0,2497,5,360.0,2556,0,920000
3.0,-5194,5,240.0,6667,1,1600000
5.0,-13026,6,500.0,3560,1,1780000
5.0,18,6,400.0,3450,1,1380000
2.0,1382,4,138.0,2717,1,375000
4.0,2516,4,310.0,3097,1,960000
5.0,-14150,5,420.0,4286,1,1800000
6.0,-2214,5,400.0,3738,1,1495000
4.0,-224653,6,500.0,5800,1,2900000
5.0,-9067,5,500.0,3400,1,1700000
5.0,-83453,5,320.0,7500,1,2400000
6.0,-4866,5,400.0,3975,0,1590000
5.0,2475,6,415.0,2157,1,895000
1.0,1135,3,72.0,3819,0,275000
4.0,-1225,5,415.0,3494,1,1450000
3.0,1172,2,90.0,3211,0,289000
7.0,-17213,5,800.0,2312,1,1850000
6.0,-742,6,400.0,3562,1,1425000
7.0,-366133,5,740.0,4324,1,3200000
6.0,-1059741,6,700.0,5714,1,4000000
6.0,-14150,5,573.0,3141,1,1800000
5.0,-140,5,400.0,3475,1,1390000
4.0,-38920,5,395.0,5316,1,2100000
6.0,2374,6,440.0,2477,1,1090000
7.0,-17213,5,620.0,2984,1,1850000
3.0,2234,5,217.0,3456,1,750000
6.0,-17213,6,580.0,3190,1,1850000
6.0,-18887,5,437.0,4291,1,1875000
5.0,-313261,4,750.0,4133,1,3100000
5.0,1536,5,400.0,3125,1,1250000
5.0,1536,5,400.0,3125,1,1250000
10.0,-2807303,7,900.0,5500,1,4950000
4.0,1536,5,380.0,3289,1,1250000
4.0,2514,4,314.0,3153,0,990000
7.0,-1402943,6,724.0,5870,1,4250000
2.0,884,3,78.0,2435,0,189950
8.0,-1823000,6,100.0,4500,1,4500000
6.0,-6992,7,600.0,2750,1,1650000
6.0,-44765,5,450.0,4778,1,2150000
5.0,-51191,6,561.0,3922,1,2200000
6.0,-14150,5,573.0,3141,1,1800000
5.0,1731,5,347.0,3530,1,1225000
7.0,-9377334,6,600.0,10833,1,6500000
4.0,-224653,5,466.0,6223,1,2900000
4.0,-83453,5,300.0,8000,1,2400000
4.0,2514,5,369.0,2683,1,990000
5.0,-1225,5,415.0,3494,1,1450000
5.0,-313261,7,600.0,5167,1,3100000
1.0,-1059741,6,760.0,5263,1,4000000
5.0,-188041,5,607.0,4613,0,2800000
6.0,-156000,7,570.0,4737,0,2700000
7.0,-17213,5,620.0,2984,1,1850000
5.0,-313261,6,750.0,4133,0,3100000
6.0,-6992,7,500.0,3300,1,1650000
8.0,-1823000,5,900.0,5000,1,4500000
5.0,-4866,5,400.0,3975,1,1590000
5.0,-83453,5,400.0,6000,1,2400000
5.0,-14150,5,548.0,3285,1,1800000
7.0,-24524,11,654.0,2982,1,1950000
6.0,-44765,5,450.0,4778,0,2150000
5.0,-2333,5,372.0,4032,1,1500000
2.0,1992,3,133.0,4822,0,641300
4.0,-2333,4,550.0,2727,0,1500000
6.0,-366133,5,510.0,6275,1,3200000
6.0,-366133,6,690.0,4638,1,3200000
7.0,-689500,6,650.0,5615,1,3650000
6.0,-689500,6,850.0,4294,1,3650000
3.0,2170,3,150.0,4800,0,720000
4.0,1165,5,477.0,2704,1,1290000
5.0,2512,5,501.0,1986,1,995000
3.0,2475,6,304.0,2944,1,895000
5.0,1960,5,456.0,2610,1,1190000
5.0,-303,6,420.0,3333,0,1400000
5.0,-5194,5,500.0,3200,1,1600000
5.0,-104074,4,700.0,3571,1,2500000
3.0,2514,4,625.0,1584,1,990000
5.0,-1866,7,362.0,4088,1,1480000
4.0,2514,4,541.0,1830,1,990000
5.0,-6992,7,600.0,2750,0,1650000
6.0,-266250,5,650.0,4615,1,3000000
6.0,-2214,5,400.0,3738,1,1495000
5.0,-4866,6,391.0,4066,0,1590000
2.0,1344,2,120.0,2992,0,359000
5.0,-4866,5,400.0,3975,0,1590000
3.0,2070,5,262.0,2576,0,675000
5.0,2379,6,360.0,3022,1,1088000
8.0,-2937084,8,989.0,5056,1,5000000
3.0,2475,5,304.0,2944,1,895000
5.0,-17213,5,560.0,3304,1,1850000
6.0,-266250,5,600.0,5000,1,3000000
1.0,1197,1,112.0,2670,0,299000
7.0,-17213,4,600.0,3083,0,1850000
1.0,1052,0,113.0,2168,0,245000
3.0,2378,4,177.0,4661,0,825000
7.0,-17213,4,600.0,3083,0,1850000
4.0,2457,4,365.0,2877,1,1050000
5.0,2457,4,440.0,2386,1,1050000
5.0,-14150,5,366.0,4918,1,1800000
6.0,-188041,5,607.0,4613,0,2800000
3.0,1906,5,375.0,3197,1,1199000
5.0,-313261,6,750.0,4133,1,3100000
5.0,-128137,5,500.0,5200,1,2600000
3.0,2479,4,388.0,2317,1,899000
5.0,2457,4,360.0,2917,0,1050000
3.0,2416,6,600.0,1415,1,849000
1.0,1275,4,70.0,4714,0,330000
6.0,-1059741,6,707.0,5658,0,4000000
1.0,1038,1,80.0,3000,0,240000
3.0,2333,5,185.0,4324,1,800000
2.0,2497,4,200.0,4600,1,920000
9.0,-20646385,9,950.0,8211,0,7800000
5.0,-313261,6,750.0,4133,1,3100000
1.0,1161,2,80.0,3562,1,285000
8.0,-564667,8,900.0,3889,0,3500000
1.0,964,1,94.0,2287,0,215000
5.0,-14150,5,460.0,3913,1,1800000
2.0,1526,3,120.0,3650,0,438000
1.0,1299,2,65.0,5231,0,340000
4.0,2324,6,370.0,2149,0,795000
2.0,1474,1,130.0,3192,0,415000
3.0,1536,4,329.0,3799,1,1250000
4.0,-1225,4,447.0,3244,1,1450000
1.0,1439,0,130.0,3077,0,400000
3.0,2255,3,170.0,4471,0,760000
2.0,1564,3,125.0,3640,0,455000
5.0,-224653,5,100.0,2661,1,2900000
6.0,-1059741,7,800.0,5000,0,4000000
6.0,-44765,5,450.0,4778,1,2150000
3.0,2417,7,221.0,3846,1,850000
4.0,2514,4,541.0,1830,1,990000
3.0,-93355,4,412.0,5947,1,2450000
2.0,1238,3,100.0,3150,0,315000
1.0,1553,4,64.0,7031,1,450000
3.0,2324,4,140.0,5679,0,795000
3.0,2234,4,200.0,3750,0,750000
1.0,1151,1,80.0,3512,0,281000
2.0,1174,2,130.0,2230,0,289900
5.0,2384,5,379.0,2187,1,829000
5.0,1536,5,400.0,3125,1,1250000
5.0,1165,4,355.0,3634,1,1290000
5.0,-1755,5,400.0,3688,0,1475000
4.0,2421,6,415.0,2578,1,1070000
1.0,1262,4,89.0,3652,0,325000
3.0,1862,5,225.0,2600,0,585000
2.0,1195,2,87.0,3425,0,298000
5.0,-303,4,440.0,3182,1,1400000
7.0,-366133,6,740.0,4324,1,3200000
4.0,18,4,356.0,3876,1,1380000
4.0,2514,4,390.0,2538,1,990000
4.0,2479,4,388.0,2317,1,899000
4.0,-1225,5,447.0,3244,1,1450000
3.0,2417,6,200.0,4250,1,850000
1.0,1052,1,126.0,1944,0,245000
1.0,1061,3,70.0,3543,0,248000
6.0,-17213,6,600.0,3083,1,1850000
4.0,2410,5,372.0,2272,1,845000
7.0,-28833,8,652.0,3067,1,2000000
2.0,1587,3,105.0,4429,0,465000
3.0,2181,3,140.0,5179,0,725000
7.0,-58234,7,691.0,3256,1,2250000
6.0,-4866,4,391.0,4066,1,1590000
7.0,-28833,7,470.0,4255,1,2000000
5.0,-17213,7,700.0,2643,1,1850000
4.0,-38920,4,395.0,5316,1,2100000
5.0,1536,5,400.0,3125,1,1250000
2.0,1576,3,100.0,4600,0,460000
1.0,1262,2,112.0,2902,0,325000
4.0,2516,4,310.0,3097,0,960000
5.0,18,5,252.0,5476,1,1380000
4.0,-5194,6,990.0,1616,1,1600000
5.0,-10943,5,476.0,3655,1,1740000
3.0,2369,5,257.0,3191,1,820000
5.0,-14150,5,425.0,4235,1,1800000
6.0,-17213,6,500.0,3700,1,1850000
1.0,1038,1,80.0,3000,0,240000
5.0,-287644,5,666.0,4575,0,3047000
4.0,1731,5,347.0,3530,1,1225000
9.0,-65933,9,984.0,2337,1,2300000
5.0,2347,7,370.0,2973,1,1100000
3.0,2035,4,228.0,2895,1,660000
1.0,964,1,94.0,2287,0,215000
7.0,-886529,7,800.0,4812,1,3850000
3.0,2261,4,199.0,3834,0,763000
4.0,-83453,5,309.0,7767,1,2400000
5.0,-128137,7,100.0,2600,1,2600000
6.0,-1225,5,430.0,3372,1,1450000
6.0,-1823000,8,100.0,4225,1,4500000
4.0,2514,4,302.0,3278,0,990000
4.0,833,4,346.0,3815,1,1320000
6.0,-14150,5,549.0,3279,1,1800000
7.0,-17213,4,600.0,3083,1,1850000
6.0,2516,5,400.0,2450,1,980000
4.0,-5194,4,475.0,3368,1,1600000
4.0,1731,5,350.0,3500,1,1225000
4.0,-5194,5,480.0,3333,1,1600000
8.0,1081,12,416.0,3120,1,1298000
3.0,1978,3,288.0,2205,0,635000
3.0,2148,5,260.0,2731,1,710000
3.0,2159,5,260.0,2750,1,715000
6.0,-13581,5,548.0,3266,1,1790000
3.0,2517,4,220.0,4432,0,975000
4.0,2369,5,353.0,2323,1,820000
3.0,1943,5,320.0,1938,1,620000
5.0,-1225,5,430.0,3372,1,1450000
5.0,2305,6,403.0,1948,1,785000
4.0,2414,4,220.0,3855,1,848000
2.0,2213,4,420.0,1762,1,740000
4.0,2457,8,362.0,2901,1,1050000
4.0,2211,4,167.0,4425,0,739000
3.0,2133,4,240.0,4821,1,1157000
5.0,2143,6,450.0,2567,1,1155000
3.0,1960,6,379.0,3140,1,1190000
5.0,2417,4,275.0,3091,1,850000
3.0,1779,4,150.0,3660,1,549000
5.0,-104074,5,666.0,3754,1,2500000
3.0,1618,4,252.0,4921,1,1240000
5.0,-104074,6,540.0,4630,1,2500000
6.0,1165,5,447.0,2886,1,1290000
6.0,18,5,423.0,3262,1,1380000
5.0,-287644,5,666.0,4575,1,3047000
3.0,2452,4,399.0,2193,1,875000
1.0,1213,1,120.0,2542,0,305000
5.0,-17213,5,580.0,3190,1,1850000
8.0,-1823000,5,901.0,4994,1,4500000
5.0,2514,5,415.0,2289,1,950000
5.0,-4866,5,400.0,3975,1,1590000
5.0,-1225,3,450.0,3222,1,1450000
6.0,-14150,5,573.0,3141,1,1800000
4.0,2347,7,369.0,2981,1,1100000
5.0,-224653,6,500.0,5800,1,2900000
5.0,-2333,5,480.0,3125,1,1500000
8.0,-2937084,8,714.0,7003,1,5000000
2.0,1032,2,70.0,3399,0,237900
8.0,-110916,9,849.0,2980,1,2530000
8.0,-1823000,6,100.0,4500,1,4500000
6.0,-4495741,5,550.0,10000,1,5500000
5.0,-2333,5,400.0,3750,1,1500000
2.0,2273,4,247.0,3113,0,769000
1.0,1664,2,187.0,2668,1,499000
5.0,-313261,4,522.0,5939,1,3100000
10.0,-1480474,12,100.0,3116,1,4300000
7.0,-38920,7,470.0,4468,1,2100000
5.0,-14150,5,366.0,4918,1,1800000
5.0,1059,7,349.0,3725,1,1300000
4.0,-224653,5,415.0,6988,1,2900000
5.0,1536,6,340.0,3676,1,1250000
6.0,-999433,6,720.0,5486,1,3950000
2.0,2192,4,250.0,2920,1,730000
3.0,2478,3,258.0,3481,0,898000
9.0,-2871645,8,100.0,4326,1,4975000
5.0,-735341,7,950.0,3895,1,3700000
4.0,1931,5,300.0,3983,1,1195000
8.0,-17213,5,580.0,3190,1,1850000
7.0,-44765,7,447.0,4810,1,2150000
1.0,1094,1,100.0,2600,0,260000
4.0,2514,4,303.0,3267,1,990000
7.0,-564667,6,724.0,4834,1,3500000
3.0,2493,3,170.0,5382,0,915000
7.0,-366133,5,740.0,4324,1,3200000
2.0,-1011284,5,650.0,6092,1,3960000
5.0,-140,5,361.0,3850,1,1390000
4.0,1113,4,433.0,2991,1,1295000
4.0,1059,5,440.0,2955,1,1300000
5.0,-4391,6,450.0,3500,1,1575000
6.0,-1866,7,385.0,3844,1,1480000
8.0,-3353444,9,100.0,3679,1,5150000
5.0,-4238,6,400.0,3925,1,1570000
5.0,-11444,5,480.0,3646,0,1750000
7.0,2514,5,381.0,2493,1,950000
7.0,-366133,5,740.0,4324,1,3200000
3.0,2170,3,125.0,5760,0,720000
6.0,-140,5,465.0,2989,1,1390000
5.0,-188041,5,753.0,3718,1,2800000
5.0,-4866,5,400.0,3975,1,1590000
5.0,-224653,5,100.0,2636,1,2900000
5.0,-2096,5,401.0,3716,1,1490000
6.0,-2333,6,400.0,3750,1,1500000
1.0,813,1,38.0,4447,0,169000
4.0,2119,4,284.0,4085,0,1160000
3.0,-38920,3,341.0,6158,1,2100000
3.0,2265,4,335.0,2284,1,765000
5.0,-7993,6,480.0,3490,1,1675000
5.0,-4866,5,400.0,3975,1,1590000
3.0,2081,5,600.0,1133,0,680000
6.0,-128137,6,476.0,5462,1,2600000
6.0,-303,5,478.0,2929,0,1400000
6.0,-2333,8,558.0,2688,1,1500000
5.0,2445,6,370.0,2351,1,870000
3.0,2234,3,125.0,6000,0,750000
7.0,-17213,5,900.0,2056,1,1850000
6.0,-1059741,6,760.0,5263,1,4000000
3.0,2514,6,625.0,1584,0,990000
7.0,-44765,5,450.0,4778,1,2150000
7.0,-28833,7,470.0,4255,1,2000000
5.0,-128137,7,960.0,2708,1,2600000
5.0,-886529,6,950.0,4053,1,3850000
6.0,-1011284,6,720.0,5500,1,3960000
1.0,1067,1,66.0,3788,0,250000
1.0,1094,0,130.0,2000,0,260000
5.0,-17213,5,580.0,3190,0,1850000
5.0,-313261,7,750.0,4133,0,3100000
4.0,-104074,5,600.0,4167,0,2500000
5.0,-17213,6,845.0,2189,1,1850000
3.0,2170,3,125.0,5760,0,720000
5.0,2347,7,371.0,2965,1,1100000
3.0,2517,4,269.0,3625,0,975000
3.0,2417,3,252.0,3373,0,850000
4.0,2514,4,390.0,2538,1,990000
2.0,1344,4,143.0,2510,0,359000
3.0,2265,4,335.0,2284,0,765000
3.0,2159,4,170.0,4206,1,715000
3.0,-140,6,258.0,5388,1,1390000
7.0,-17213,4,600.0,3083,1,1850000
5.0,-15635,5,845.0,2160,1,1825000
5.0,-14150,5,452.0,3982,1,1800000
6.0,-9067,5,550.0,3091,1,1700000
4.0,2378,5,276.0,2989,1,825000
5.0,452,6,429.0,3147,1,1350000
7.0,-266250,7,100.0,2727,1,3000000
5.0,-24524,5,600.0,3250,1,1950000
2.0,2516,4,310.0,3097,1,960000
7.0,-564667,6,724.0,4834,1,3500000
4.0,-51191,5,554.0,3971,1,2200000
5.0,-224653,6,466.0,6223,1,2900000
2.0,1382,3,157.0,2389,0,375000
5.0,-17213,5,700.0,2643,1,1850000
4.0,-224653,5,460.0,6304,1,2900000
5.0,-266250,5,600.0,5000,0,3000000
5.0,-886529,8,100.0,3632,1,3850000
5.0,1536,7,311.0,4019,1,1250000
8.0,-104074,6,850.0,2941,1,2500000
7.0,-313261,6,750.0,4133,1,3100000
6.0,-14150,6,452.0,3982,1,1800000
6.0,-65933,7,800.0,2875,1,2300000
6.0,-1823000,5,100.0,4500,1,4500000
6.0,-7993,5,384.0,4362,1,1675000
2.0,2457,2,173.0,6069,0,1050000
5.0,-104074,5,770.0,3247,1,2500000
5.0,-4391,5,416.0,3786,1,1575000
5.0,-1866,5,371.0,3989,1,1480000
3.0,-93355,4,501.0,4890,1,2450000
4.0,-83453,4,400.0,6000,1,2400000
6.0,-6603834,6,100.0,4000,0,6000000
6.0,-17213,5,580.0,3190,1,1850000
5.0,452,5,430.0,3140,1,1350000
4.0,1059,5,302.0,4305,1,1300000
4.0,-27054,4,575.0,3443,1,1980000
5.0,-51191,5,592.0,3716,1,2200000
5.0,-140,5,381.0,3648,0,1390000
4.0,-1225,5,447.0,3244,1,1450000
5.0,-4391,6,450.0,3500,1,1575000
7.0,-17213,6,580.0,3190,1,1850000
3.0,1862,3,125.0,4680,0,585000
4.0,-1225,5,415.0,3494,1,1450000
8.0,-65933,7,449.0,5122,1,2300000
4.0,-735341,7,998.0,3707,1,3700000
8.0,-1823000,6,100.0,4500,1,4500000
6.0,-140,5,465.0,2989,1,1390000
4.0,2347,5,360.0,3056,0,1100000
2.0,1931,2,130.0,4731,0,615000
8.0,-941720,5,100.0,2639,1,3900000
3.0,2493,3,170.0,5382,0,915000
7.0,-4866,5,391.0,4066,1,1590000
7.0,-366133,5,894.0,3579,1,3200000
6.0,-51191,6,443.0,4966,1,2200000
8.0,-2871645,9,100.0,4326,1,4975000
2.0,-24524,2,340.0,5735,0,1950000
6.0,-154511,4,335.0,8045,0,2695000
6.0,-188041,7,666.0,4204,1,2800000
3.0,2165,6,269.0,4275,0,1150000
3.0,1767,4,218.0,5596,0,1220000
1.0,851,1,32.0,5625,0,180000
6.0,-188041,7,670.0,4179,1,2800000
2.0,-1755,1,230.0,6413,0,1475000
1.0,1323,3,120.0,2917,0,350000
1.0,948,0,28.0,7500,0,210000
6.0,-999433,6,650.0,6077,0,3950000
6.0,-999433,6,650.0,6077,0,3950000
2.0,1873,2,85.0,6941,0,590000
5.0,-154511,4,335.0,8045,0,2695000
1.0,2512,2,107.0,9299,0,995000
2.0,-12754,3,199.0,8920,0,1775000
4.0,-154511,4,336.0,8021,0,2695000
2.0,1804,2,97.0,5772,0,559900
2.0,2517,2,135.0,7185,0,970000
3.0,-24524,2,316.0,6171,0,1950000
6.0,-72590,6,752.0,3112,1,2340000
3.0,2283,5,180.0,6222,0,1120000
2.0,1059,3,208.0,6250,0,1300000
1.0,1542,2,93.0,4785,0,445000
4.0,-154511,3,330.0,8167,0,2695000
5.0,-1402943,8,630.0,6746,0,4250000
2.0,1873,2,85.0,6941,0,590000
1.0,1135,2,47.0,5851,0,275000
2.0,1439,3,70.0,5714,0,400000
4.0,-2333,4,216.0,6944,0,1500000
7.0,-125566,9,629.0,4118,0,2590000
3.0,2480,4,220.0,4091,0,900000
4.0,-104074,3,390.0,6410,0,2500000
3.0,2475,3,146.0,6130,0,895000
2.0,1059,4,208.0,6250,0,1300000
3.0,2417,4,190.0,4474,0,850000
4.0,-154511,3,335.0,8045,0,2695000
3.0,1059,4,208.0,6250,0,1300000
3.0,-15030,3,263.0,6901,0,1815000
2.0,-2221534,6,630.0,7460,1,4700000
4.0,-20661,3,220.0,8636,0,1900000
7.0,-188041,7,666.0,4204,1,2800000
3.0,-154511,3,335.0,8045,0,2695000
4.0,2165,5,363.0,3168,0,1150000
4.0,2305,4,296.0,2652,1,785000
2.0,1265,3,166.0,7711,0,1280000
2.0,1576,2,86.0,5349,0,460000
3.0,2360,5,225.0,3622,0,815000
1.0,795,3,70.0,2343,0,164000
5.0,-19939,5,529.0,3573,0,1890000
4.0,1536,5,279.0,4480,0,1250000
2.0,1108,1,60.0,4417,0,265000
3.0,2126,4,150.0,4667,0,700000
4.0,2315,5,266.0,2970,0,790000
4.0,2417,4,279.0,3047,1,850000
4.0,2017,5,396.0,2980,0,1180000
4.0,-19939,5,520.0,3635,0,1890000
2.0,805,2,60.0,2783,0,167000
3.0,2410,2,112.0,7545,0,845000
3.0,2234,4,226.0,3319,1,750000
6.0,-13026,6,516.0,3450,0,1780000
1.0,646,1,35.0,3571,0,125000
3.0,2417,4,413.0,2058,0,850000
3.0,2234,3,135.0,5556,0,750000
1.0,725,3,78.0,1859,0,145000
2.0,1346,2,85.0,4235,0,360000
4.0,2360,4,400.0,2038,1,815000
1.0,638,3,64.0,1922,0,123003
3.0,773,3,187.0,7086,0,1325000
3.0,959,3,170.0,7701,0,1309100
1.0,1233,2,65.0,4815,0,313000
5.0,1313,6,260.0,4904,0,1275000
3.0,1496,4,173.0,2457,0,425000
3.0,1341,3,161.0,7901,0,1272000
5.0,2070,5,326.0,3589,0,1170000
3.0,2117,3,148.0,4703,0,696000
4.0,2514,4,247.0,3846,0,950000
4.0,1536,5,240.0,5208,0,1250000
6.0,-1132,5,317.0,4560,0,1445368
4.0,2452,4,400.0,2188,1,875000
4.0,2170,3,195.0,3692,0,720000
3.0,2470,3,139.0,6403,0,890000
4.0,2416,5,212.0,4005,1,849000
2.0,1507,1,106.0,4053,0,429600
3.0,2360,4,323.0,2523,1,815000
2.0,1197,3,125.0,2392,0,299000
3.0,1485,2,118.0,3559,0,420000
2.0,910,3,70.0,2829,0,198000
2.0,1664,2,95.0,5253,0,499000
2.0,1439,0,110.0,3636,0,400000
1.0,1092,2,103.0,2515,0,259000
1.0,1122,3,90.0,3000,0,270000
1.0,1225,2,90.0,3444,0,310000
3.0,2126,3,163.0,4294,0,700000
1.0,1262,0,180.0,1806,0,325000
3.0,1553,4,175.0,2571,0,450000
4.0,2331,5,200.0,3995,0,799000
3.0,2165,5,300.0,3833,0,1150000
2.0,1485,2,140.0,3000,0,420000
2.0,1122,2,96.0,2812,0,270000
3.0,2369,4,209.0,3923,0,820000
1.0,910,3,96.0,2062,0,198000
1.0,916,3,80.0,2497,0,199750
2.0,851,4,93.0,1935,0,180000
2.0,1439,3,135.0,2962,1,399900
2.0,1382,4,118.0,3178,0,375000
3.0,1960,2,419.0,2840,1,1190000
2.0,2035,2,170.0,3882,0,660000
1.0,1530,1,160.0,2750,0,440000
6.0,-7145,5,409.0,4044,0,1653930
2.0,1265,3,166.0,7711,0,1280000
3.0,1552,2,136.0,3305,0,449500
3.0,1552,2,136.0,3305,0,449500
2.0,2352,5,257.0,3152,0,810000
5.0,-19939,5,520.0,3635,0,1890000
6.0,-2214,4,472.0,3167,0,1495000
4.0,2192,4,161.0,4534,1,730000
3.0,1186,3,170.0,7576,0,1287900
2.0,666,2,60.0,2167,0,130000
4.0,1900,4,220.0,5455,1,1200000
4.0,-83453,6,500.0,4800,0,2400000
2.0,1900,3,250.0,4800,0,1200000
2.0,1943,3,180.0,3444,1,620000
2.0,1342,4,141.0,2539,0,358000
3.0,2234,4,200.0,3750,1,750000
2.0,1439,2,100.0,4000,0,400000
2.0,2033,3,153.0,4307,0,659000
4.0,2165,5,362.0,3177,0,1150000
2.0,864,3,77.0,2390,0,184000
2.0,1135,2,83.0,3313,1,275000
5.0,845,4,342.0,3857,0,1319000
1.0,798,3,78.0,2115,0,165000
3.0,2234,4,163.0,4601,1,750000
2.0,1989,6,149.0,4295,0,640000
3.0,-103852,4,423.0,5908,1,2499000
5.0,-17213,5,300.0,6167,1,1850000
4.0,-221,6,474.0,2943,1,1395000
6.0,-188041,7,575.0,4870,1,2800000
6.0,-187699,7,575.0,4868,1,2799000
4.0,-38920,4,275.0,7636,1,2100000
7.0,-2807303,6,723.0,6846,1,4950000
3.0,-5687491,9,848.0,6840,0,5800000
2.0,-13026,2,258.0,6899,0,1780000
6.0,-4495741,8,601.0,9151,1,5500000
2.0,773,4,260.0,5096,0,1325000
2.0,94,4,190.0,7237,0,1375000
2.0,-13026,2,258.0,6899,0,1780000
4.0,-394913,3,306.0,10621,1,3250000
3.0,-266250,5,372.0,8065,1,3000000
7.0,-564667,5,484.0,7231,0,3500000
7.0,-5687491,9,848.0,6840,1,5800000
4.0,-104074,5,400.0,6250,1,2500000
6.0,-2420677,5,450.0,10644,0,4790000
4.0,-20661,6,439.0,4328,1,1900000
3.0,-104074,4,369.0,6775,1,2500000
3.0,-9747,6,253.0,6779,1,1715000
2.0,-4866,4,181.0,8785,0,1590000
5.0,-38920,5,450.0,4667,1,2100000
2.0,-2443600,0,750.0,6400,1,4800000
2.0,2234,3,134.0,5597,0,750000
3.0,-303,3,190.0,7368,0,1400000
2.0,1839,2,134.0,4291,0,575000
2.0,-4866,5,184.0,8641,1,1590000
4.0,-394913,3,432.0,7523,1,3250000
4.0,-154511,6,402.0,6704,1,2695000
7.0,-21807395,8,852.0,9272,1,7900000
4.0,-32945935,7,881.0,9875,1,8700000
4.0,-24524,5,383.0,5091,0,1950000
1.0,2514,4,287.0,3449,0,990000
3.0,33,3,252.0,5472,0,1379000
2.0,1344,2,89.0,4034,0,359000
7.0,-21807395,7,852.0,9272,1,7900000
4.0,-104074,5,369.0,6775,1,2500000
5.0,-38920,8,450.0,4667,1,2100000
2.0,-303,1,167.0,8383,0,1400000
4.0,-1328484,7,410.0,10244,1,4200000
3.0,-266250,4,416.0,7212,0,3000000
2.0,1731,5,165.0,7424,1,1225000
6.0,-156000,6,537.0,5028,1,2700000
5.0,-261854,9,985.0,3036,1,2990000
3.0,-8846,3,240.0,7062,0,1695000
7.0,-2807303,6,723.0,6846,1,4950000
5.0,-38920,6,430.0,4884,0,2100000
4.0,-2443600,24,682.0,7038,1,4800000
6.0,-38920,5,430.0,4884,1,2100000
6.0,-2443600,10,750.0,6400,0,4800000
5.0,-58234,4,430.0,5233,0,2250000
5.0,-65933,5,310.0,7419,0,2300000
4.0,-303,6,387.0,3618,0,1400000
2.0,-4866,4,185.0,8595,1,1590000
5.0,-8628,4,290.0,5828,1,1690000
4.0,-2443600,24,682.0,7038,1,4800000
9.0,-261854,8,982.0,3045,1,2990000
4.0,-24524,5,527.0,3700,0,1950000
3.0,-5194,7,300.0,5333,1,1600000
4.0,-13026,5,245.0,7265,1,1780000
6.0,-1047468,5,550.0,7255,1,3990000
2.0,2137,3,145.0,4862,1,705000
3.0,2480,5,189.0,4762,0,900000
5.0,-313261,6,714.0,4342,0,3100000
6.0,-266250,10,503.0,5964,1,3000000
3.0,-303,6,325.0,4308,0,1400000
6.0,-261854,10,793.0,3770,1,2990000
3.0,2165,2,180.0,6389,0,1150000
9.0,-261854,8,982.0,3045,1,2990000
4.0,-2333,4,233.0,6438,1,1500000
7.0,-564667,5,468.0,7479,1,3500000
7.0,-104074,8,290.0,8621,1,2500000
5.0,-27054,4,288.0,6875,1,1980000
5.0,-38920,5,365.0,5753,1,2100000
7.0,-5687491,9,800.0,7250,1,5800000
2.0,2234,3,119.0,6302,0,749990
2.0,2124,3,127.0,5504,1,699000
4.0,-24524,4,383.0,5091,1,1950000
4.0,-5194,5,364.0,4396,1,1600000
3.0,2490,3,140.0,7321,1,1025000
6.0,-4547,6,480.0,3292,1,1580000
4.0,-65933,5,400.0,5750,0,2300000
4.0,-156000,8,385.0,7013,1,2700000
3.0,2371,3,190.0,5742,0,1091000
6.0,-735341,6,450.0,8222,1,3700000
3.0,-5194,5,401.0,3990,1,1600000
4.0,-4391,6,268.0,5877,1,1575000
6.0,-2807303,6,714.0,6933,1,4950000
7.0,-224653,6,519.0,5588,0,2900000
4.0,-2910776,6,400.0,12475,0,4990000
3.0,-367815,5,410.0,7812,0,3203000
6.0,-38920,6,469.0,4478,1,2100000
9.0,-645820,8,939.0,3834,1,3600000
6.0,-261854,6,615.0,4862,1,2990000
3.0,2347,5,301.0,3654,0,1100000
4.0,-2352873,5,400.0,11900,0,4760000
3.0,2378,3,169.0,4882,0,825000
3.0,2371,3,200.0,5455,0,1091000
5.0,-103852,4,423.0,5908,1,2499000
2.0,-13026,2,258.0,6899,0,1780000
6.0,-75205,5,351.0,6709,1,2355000
4.0,-2937084,9,750.0,6667,0,5000000
7.0,-128137,6,400.0,6500,0,2600000
5.0,-491344,6,600.0,5667,1,3400000
3.0,-266250,5,590.0,5085,0,3000000
4.0,-2937084,24,750.0,6667,0,5000000
5.0,-58234,5,430.0,5233,0,2250000
6.0,-4866,5,399.0,3985,0,1590000
5.0,-24524,5,383.0,5091,0,1950000
7.0,-244802,6,515.0,5728,1,2950000
3.0,2187,4,269.0,4257,1,1145000
3.0,2470,3,206.0,4320,0,890000
3.0,2457,5,225.0,4667,0,1050000
5.0,-24524,7,375.0,5200,0,1950000
2.0,-53237,7,282.0,7855,1,2215000
4.0,-8628,6,300.0,5633,1,1690000
3.0,-150106,5,365.0,7342,1,2680000
3.0,-8846,3,240.0,7062,0,1695000
7.0,-266250,8,510.0,5882,1,3000000
5.0,-65933,5,400.0,5750,0,2300000
3.0,2514,5,280.0,3393,1,950000
10.0,-32945935,10,856.0,10164,1,8700000
5.0,-32945935,4,850.0,10235,1,8700000
3.0,820,3,165.0,8007,0,1321117
4.0,-3635,5,235.0,6594,0,1549514
6.0,-51191,5,481.0,4574,1,2200000
3.0,-101863,4,369.0,6748,0,2490000
4.0,-560819,5,460.0,7598,1,3495000
5.0,-104074,5,369.0,6775,1,2500000
2.0,994,2,55.0,4091,0,225000
3.0,2490,3,224.0,4576,1,1025000
4.0,-27934,5,289.0,6886,1,1990000
3.0,-150106,5,362.0,7403,1,2680000
3.0,-104074,5,420.0,5952,1,2500000
8.0,-32945935,6,850.0,10235,1,8700000
4.0,-859855,8,400.0,9562,0,3825000
7.0,-5687491,9,900.0,6444,1,5800000
3.0,-266250,5,580.0,5172,0,3000000
2.0,2432,3,90.0,9556,0,860000
3.0,2347,6,235.0,4681,1,1100000
7.0,-1823000,5,480.0,9375,1,4500000
4.0,-3649,6,440.0,3523,1,1550000
4.0,-564667,6,518.0,6757,0,3500000
3.0,-6992,2,190.0,8684,0,1650000
5.0,-425334,4,400.0,8250,0,3300000
6.0,-6603834,6,670.0,8955,0,6000000
4.0,-2096,6,195.0,7641,1,1490000
2.0,-24524,7,229.0,8515,1,1950000
7.0,-1480474,8,720.0,5972,1,4300000
5.0,-303,6,420.0,3333,1,1400000
4.0,-833784,6,800.0,4750,1,3800000
3.0,2371,3,190.0,5742,0,1091000
5.0,-266250,10,503.0,5964,1,3000000
6.0,-2443600,8,670.0,7164,1,4800000
5.0,-188041,6,400.0,7000,1,2800000
2.0,1358,2,75.0,4867,0,365000
3.0,1536,4,236.0,5297,0,1250000
3.0,-2333,3,250.0,6000,1,1500000
3.0,-104074,5,379.0,6596,0,2500000
4.0,-109407,4,465.0,5427,0,2523500
3.0,2369,5,150.0,5467,1,820000
3.0,2165,5,232.0,4957,1,1150000
2.0,-4866,4,185.0,8595,1,1590000
5.0,-103852,4,390.0,6408,0,2499000
4.0,-33621,5,293.0,6997,1,2050000
2.0,-394913,3,432.0,7523,0,3250000
7.0,-32945935,7,856.0,10164,0,8700000
5.0,-89299,8,331.0,7341,1,2430000
5.0,-257512,9,370.0,8054,1,2980000
5.0,-65933,4,360.0,6389,1,2300000
3.0,2165,2,181.0,6354,0,1150000
3.0,2516,3,160.0,6000,0,960000
5.0,-5046,5,240.0,6648,0,1595515
4.0,-491344,8,600.0,5667,1,3400000
2.0,-4866,5,184.0,8641,0,1590000
2.0,1897,2,90.0,6667,1,600000
6.0,-2420677,5,450.0,10644,1,4790000
3.0,-266250,4,416.0,7212,0,3000000
4.0,-4866,4,252.0,6310,1,1590000
3.0,-14150,6,424.0,4245,1,1800000
3.0,2347,6,301.0,3654,0,1100000
5.0,2044,5,304.0,3865,1,1175000
3.0,-104074,3,305.0,8197,0,2500000
8.0,-2937084,8,682.0,7331,1,5000000
3.0,-8846,3,240.0,7062,0,1695000
7.0,-564667,5,500.0,7000,1,3500000
3.0,2371,3,190.0,5742,0,1091000
4.0,-186334,6,503.0,5557,0,2795000
5.0,-38920,5,347.0,6052,0,2100000
4.0,-1645087,6,446.0,9865,0,4400000
4.0,-8628,4,300.0,5633,1,1690000
7.0,-32945935,7,856.0,10164,0,8700000
3.0,-14150,5,326.0,5521,1,1800001
6.0,-58235,5,450.0,5000,0,2250001
7.0,-564667,5,500.0,7000,1,3500000
2.0,-4866,4,184.0,8641,1,1590000
4.0,-27054,4,360.0,5500,1,1980000
5.0,773,8,317.0,4180,0,1325000
3.0,-2333,3,191.0,7853,0,1500000
7.0,-2937084,18,750.0,6667,1,5000000
4.0,-104074,5,369.0,6775,1,2500000
5.0,-32945935,6,860.0,10116,0,8700000
1.0,1549,1,135.0,3319,0,448000
5.0,-289051,5,500.0,6100,1,3050000
2.0,1393,2,65.0,5846,0,380000
4.0,-1645087,6,446.0,9865,0,4400000
5.0,-104074,7,200.0,12500,1,2500000
2.0,2234,3,135.0,5556,0,750000
4.0,-44765,8,516.0,4167,1,2150000
4.0,2347,4,300.0,3667,1,1100000
5.0,-2937081,7,524.0,9542,1,4999999
6.0,-38920,4,300.0,7000,1,2100000
4.0,-266250,5,600.0,5000,0,3000000
5.0,-17213,5,300.0,6167,1,1850000
6.0,-38920,4,300.0,7000,1,2100000
3.0,-140,4,282.0,4929,0,1390000
5.0,-2333,6,233.0,6438,1,1500000
3.0,2347,6,301.0,3654,1,1100000
4.0,-32945935,6,860.0,10116,1,8700000
6.0,-140,5,359.0,3872,1,1390000
7.0,-1480474,9,702.0,6125,0,4300000
3.0,2165,4,132.0,8712,1,1150000
3.0,2490,3,140.0,7321,1,1025000
2.0,-4866,4,184.0,8641,1,1590000
4.0,-27054,4,360.0,5500,0,1980000
2.0,1250,3,242.0,1322,0,320000
5.0,1113,4,255.0,5078,0,1295000
5.0,-2214,6,470.0,3181,1,1495000
3.0,2165,3,245.0,4694,0,1150000
4.0,1900,4,300.0,4000,0,1200000
3.0,2347,5,280.0,3929,1,1100000
7.0,-5687491,9,900.0,6444,1,5800000
3.0,2283,6,220.0,5091,1,1120000
5.0,-261854,7,615.0,4862,1,2990000
6.0,-13026,5,295.0,6034,1,1780000
6.0,-2937084,8,800.0,6250,1,5000000
4.0,-188041,6,459.0,6100,0,2800000
9.0,-1328484,9,100.0,3268,1,4200000
3.0,-2096,3,248.0,6008,0,1490000
4.0,-83453,5,315.0,7619,1,2400000
5.0,-75205,5,350.0,6729,1,2355000
3.0,2347,4,189.0,5820,1,1100000
3.0,1900,5,240.0,5000,1,1200000
4.0,-221,6,300.0,4650,0,1395000
2.0,2255,2,135.0,5630,0,760000
7.0,-21807395,8,852.0,9272,1,7900000
2.0,-4866,5,185.0,8595,0,1590000
4.0,-4866,4,252.0,6310,1,1590000
5.0,-156000,4,303.0,8911,0,2700000
2.0,1330,2,75.0,4707,0,353000
6.0,-313261,10,789.0,3929,1,3100000
3.0,2510,3,180.0,5222,1,940000
3.0,1931,3,253.0,4723,1,1195000
4.0,-14150,6,326.0,5521,1,1800000
4.0,-65933,5,367.0,6267,0,2300000
6.0,-4495741,8,601.0,9151,1,5500000
6.0,-1047468,6,450.0,8867,1,3990000
6.0,-1047468,6,450.0,8867,1,3990000
4.0,-394913,4,310.0,10484,1,3250000
2.0,-17213,3,247.0,7490,0,1850000
5.0,-27054,4,360.0,5500,0,1980000
5.0,-51191,6,270.0,8148,0,2200000
4.0,-33621,5,293.0,6997,0,2050000
2.0,313,2,196.0,6939,0,1360000
4.0,-2096,6,340.0,4382,1,1490000
3.0,1900,6,317.0,3785,1,1200000
4.0,-221,6,300.0,4650,0,1395000
4.0,-65933,5,351.0,6553,1,2300000
3.0,-24524,3,250.0,7800,1,1950000
4.0,-5194,4,248.0,6452,0,1600000
5.0,1165,5,314.0,4108,0,1290000
5.0,-680594,5,484.0,7521,0,3640000
4.0,-491344,6,505.0,6733,1,3400000
5.0,-11444,5,320.0,5469,1,1750000
1.0,1655,2,114.0,4342,0,495000
5.0,-24524,4,431.0,4524,1,1950000
5.0,773,7,419.0,3162,0,1325000
4.0,-20661,6,438.0,4338,1,1900000
2.0,-13026,2,258.0,6899,0,1780000
3.0,-1225,3,237.0,6118,0,1450000
3.0,2234,4,195.0,3846,1,750000
3.0,-9747,6,253.0,6779,1,1715000
5.0,-394913,3,370.0,8784,1,3250000
4.0,-20661,7,326.0,5828,1,1900000
4.0,-101863,5,370.0,6730,0,2490000
7.0,-21807395,7,825.0,9576,1,7900000
4.0,-491344,4,505.0,6733,1,3400000
5.0,-1645087,5,446.0,9865,1,4400000
2.0,-4866,4,184.0,8641,1,1590000
5.0,-4495741,8,600.0,9167,0,5500000
3.0,1900,4,261.0,4598,0,1200000
6.0,-21807395,6,852.0,9272,1,7900000
2.0,-51191,4,314.0,7006,1,2200000
4.0,-4866,4,252.0,6310,1,1590000
4.0,-65933,5,357.0,6443,0,2300000
4.0,-1755,4,257.0,5739,0,1475000
7.0,-2807303,6,720.0,6875,1,4950000
4.0,-9747,6,270.0,6352,1,1715000
3.0,-104074,3,275.0,9091,0,2500000
6.0,-140,5,370.0,3757,1,1390000
6.0,-38920,5,453.0,4636,1,2100000
5.0,-83453,5,372.0,6452,1,2400000
3.0,1174,2,90.0,3222,1,290000
3.0,1346,4,116.0,3103,0,360000
2.0,1161,4,95.0,3000,0,285000
1.0,1038,7,133.0,1805,0,240000
2.0,1287,4,178.0,1882,1,335000
3.0,1244,5,170.0,1868,0,317500
2.0,1119,3,96.0,2802,0,269000
2.0,1161,3,95.0,3000,1,285000
3.0,2126,5,288.0,2430,0,699900
1.0,592,2,110.0,1018,0,112000
1.0,1187,2,208.0,1418,0,295000
2.0,901,2,60.0,3250,0,195000
3.0,1382,4,270.0,1389,0,375000
1.0,1238,2,177.0,1780,1,315000
3.0,1644,5,270.0,1815,0,490000
2.0,744,1,62.0,2419,0,150000
1.0,979,3,117.0,1880,0,220000
4.0,1890,3,215.0,2777,1,597000
4.0,2477,6,574.0,1805,0,1036000
1.0,964,1,80.0,2688,0,215000
2.0,1024,2,105.0,2238,0,235000
7.0,2012,15,390.0,1667,0,650000
2.0,1323,3,185.0,1892,0,350000
2.0,1553,5,180.0,2500,0,450000
1.0,1311,3,90.0,3833,0,345000
2.0,1108,5,80.0,3312,0,265000
2.0,917,2,100.0,2000,1,200000
2.0,744,0,60.0,2500,0,150000
2.0,1092,0,120.0,2158,0,259000
2.0,1009,2,84.0,2738,0,230000
1.0,1021,4,75.0,3120,0,234000
2.0,1094,4,160.0,1625,0,260000
1.0,813,2,66.0,2561,0,169000
1.0,917,1,70.0,2857,0,200000
4.0,1966,4,452.0,1394,0,630000
2.0,1213,2,96.0,3177,0,305000
1.0,1140,4,120.0,2308,0,277000
2.0,1213,2,95.0,3211,0,305000
2.0,1213,2,96.0,3177,0,305000
1.0,1187,2,131.0,2252,0,295000
2.0,851,2,185.0,973,0,180000
2.0,1024,2,100.0,2350,0,235000
1.0,881,2,78.0,2423,0,189000
2.0,789,1,67.0,2425,0,162500
2.0,814,1,75.0,2260,0,169500
4.0,1653,3,180.0,2744,1,494000
2.0,1116,3,103.0,2602,0,268000
2.0,1462,3,165.0,2485,0,410000
2.0,976,4,145.0,1510,0,219000
2.0,1119,3,96.0,2802,0,269000
2.0,1248,4,139.0,2295,0,319000
2.0,1223,4,120.0,2575,0,309000
2.0,2470,2,152.0,5855,0,890000
1.0,1035,1,57.0,4193,0,239000
2.0,2265,3,186.0,4113,0,765000
1.0,1320,2,83.0,4205,0,349000
3.0,1885,3,152.0,3914,0,595000
1.0,1320,1,56.0,6232,0,349000
2.0,1724,4,94.0,5585,0,525000
2.0,2509,1,147.0,6803,0,1000000
2.0,1610,2,105.0,4524,0,475000
2.0,2514,3,155.0,6129,0,950000
2.0,1393,1,60.0,6333,0,380000
1.0,884,1,40.0,4750,0,190000
5.0,-2937084,5,776.0,6443,0,5000000
1.0,1094,1,50.0,5200,0,260000
1.0,1485,1,52.0,8077,0,420000
3.0,2058,2,184.0,3641,0,670000
3.0,2115,4,299.0,2324,0,695000
2.0,994,2,30.0,7500,0,225000
3.0,1766,0,102.0,5328,0,543500
1.0,979,2,57.0,3860,0,220000
2.0,1370,2,71.0,5211,0,370000
2.0,2480,2,122.0,7377,0,900000
2.0,-303,3,138.0,10145,0,1400000
3.0,-11444,3,396.0,4419,0,1750000
2.0,-303,3,170.0,8235,0,1400000
2.0,1564,2,80.0,5688,0,455000
2.0,1322,2,75.0,4665,0,349900
2.0,2190,2,92.0,7924,0,729000
3.0,2234,2,179.0,4190,0,750000
3.0,2103,2,133.0,5188,0,690000
1.0,740,2,31.0,4806,0,149000
2.0,1576,2,79.0,5823,0,460000
1.0,1508,1,80.0,5375,0,430000
2.0,2512,0,147.0,6769,0,995000
1.0,1598,2,66.0,7121,0,470000
5.0,-84408,4,256.0,9395,0,2405000
2.0,2115,2,134.0,5187,0,695000
2.0,2347,3,141.0,7801,0,1100000
2.0,1536,3,167.0,7485,0,1250000
1.0,1777,3,115.0,4765,0,548000
5.0,-1823000,6,776.0,5799,0,4500000
2.0,2044,4,234.0,5021,0,1175000
5.0,-74326,4,440.0,5341,0,2350000
2.0,1724,2,66.0,7955,0,525000
1.0,1262,1,74.0,4392,0,325000
1.0,762,1,32.0,4844,0,155000
2.0,1323,2,75.0,4667,0,350000
5.0,-1823000,6,894.0,5034,0,4500000
1.0,1003,1,40.0,5700,0,228000
7.0,-1823000,6,894.0,5034,0,4500000
2.0,1407,2,96.0,4021,0,386000
2.0,1407,2,95.0,4063,0,386000
3.0,2119,2,185.0,6270,0,1160000
3.0,94,2,183.0,7514,0,1375000
4.0,2165,5,204.0,5637,1,1150000
4.0,-2937084,3,400.0,12500,0,5000000
3.0,1598,4,169.0,2781,0,470000
3.0,2119,2,185.0,6270,0,1160000
3.0,-1431,3,176.0,8295,0,1460000
3.0,2333,3,213.0,3756,0,800000
7.0,-266250,9,524.0,5725,0,3000000
4.0,-1431,3,176.0,8295,0,1460000
2.0,2510,6,200.0,4700,1,940000
3.0,-303,10,379.0,3694,0,1400000
3.0,2516,3,148.0,6622,1,980000
3.0,2012,5,139.0,4676,0,650000
6.0,-783412,6,530.0,7075,0,3750000
3.0,2421,6,204.0,5245,1,1070000
3.0,2012,5,135.0,4815,0,650000
4.0,-2214,5,300.0,4983,1,1495000
3.0,1536,3,220.0,5682,0,1250000
4.0,2459,5,261.0,4019,0,1049000
3.0,-2214,4,255.0,5863,1,1495000
2.0,1644,2,114.0,4298,0,490000
1.0,725,0,45.0,3222,0,145000
3.0,-4866,3,206.0,7718,0,1590000
4.0,2361,6,204.0,5368,1,1095000
3.0,1598,4,168.0,2798,0,470000
3.0,2362,2,157.0,5197,0,816000
4.0,-65933,3,264.0,8712,0,2300000
2.0,2512,3,208.0,4784,0,995000
3.0,-1431,3,150.0,9733,0,1460000
2.0,2115,4,130.0,5346,0,695000
2.0,1462,3,94.0,4362,0,410000
2.0,1664,3,118.0,4229,0,499000
2.0,2249,4,147.0,7684,0,1129500
2.0,1664,3,118.0,4229,0,499000
1.0,854,1,84.0,2155,0,181000
2.0,1735,2,88.0,6023,0,530000
2.0,1850,3,194.0,2990,0,580000
1.0,2353,3,158.0,5133,0,811000
2.0,1323,3,160.0,2188,0,350000
2.0,1161,1,70.0,4071,0,285000
2.0,1667,2,102.0,4902,0,500000
2.0,2115,4,127.0,5472,0,695000
1.0,933,2,48.0,4271,0,205000
1.0,884,1,84.0,2262,0,190000
2.0,1920,2,187.0,3262,0,610000
2.0,-8846,2,360.0,4708,0,1695000
1.0,1200,1,66.0,4545,0,300000
1.0,1174,2,70.0,4143,0,290000
2.0,686,2,56.0,2411,0,135000
2.0,1462,4,120.0,3417,0,410000
3.0,2293,4,226.0,3447,0,779000
1.0,1712,2,120.0,4333,0,520000
2.0,1094,1,77.0,3377,0,260000
2.0,796,1,58.0,2834,0,164400
2.0,1528,2,95.0,4621,0,439000
2.0,1161,1,70.0,4071,0,285000
2.0,1781,2,185.0,2973,0,550000
2.0,1781,2,156.0,3526,0,550000
2.0,1161,1,85.0,3353,0,285000
3.0,1496,3,126.0,3373,0,425000
3.0,1655,8,264.0,1875,1,495000
1.0,1131,1,90.0,3040,0,273600
2.0,1225,2,90.0,3444,0,310000
4.0,2515,4,374.0,2634,1,985000
5.0,2170,6,262.0,2748,1,720000
5.0,-425334,5,682.0,4839,1,3300000
5.0,-8414,6,595.0,2832,1,1685000
9.0,-24524,13,654.0,2982,1,1950000
5.0,-51191,6,592.0,3716,1,2200000
5.0,452,4,370.0,3649,1,1350000
4.0,2295,4,162.0,4815,0,780000
1.0,917,2,99.0,2020,0,200000
3.0,1885,4,248.0,2399,1,595000
3.0,1250,3,120.0,2667,0,320000
2.0,1182,4,130.0,2254,1,293000
3.0,1562,4,208.0,2183,1,454000
3.0,1552,4,204.0,2203,1,449400
3.0,1548,4,208.0,2153,1,447900
3.0,1664,4,264.0,1890,1,499000
3.0,1640,4,255.0,1915,1,488200
2.0,1638,4,264.0,1847,1,487600
2.0,1485,4,394.0,1066,0,420000
2.0,1157,3,88.0,3144,0,283495
3.0,1285,4,147.0,2273,0,334191
3.0,1285,4,147.0,2274,0,334206
3.0,1285,4,147.0,2273,0,334192
3.0,-303,4,295.0,4746,0,1400000
3.0,2489,3,145.0,6276,1,910000
2.0,1238,1,215.0,1512,0,315000
3.0,1437,3,82.0,4866,0,399000
2.0,933,3,89.0,2303,1,205000
2.0,1363,3,140.0,2621,0,367000
5.0,452,6,596.0,2265,1,1350000
4.0,2479,5,246.0,3654,1,899000
6.0,-205750,7,800.0,3562,1,2850000
6.0,-1755,6,475.0,3105,1,1475000
6.0,-104074,6,722.0,3463,1,2500000
6.0,-104074,5,722.0,3463,1,2500000
6.0,-140,6,350.0,3971,1,1390000
6.0,-17213,6,623.0,2970,1,1850000
5.0,-303,5,500.0,2800,1,1400000
6.0,-104074,6,722.0,3463,1,2500000
8.0,-47264,8,700.0,3100,1,2170000
8.0,1265,4,420.0,3048,1,1280000
5.0,-8202,4,420.0,4000,1,1680000
7.0,2510,4,300.0,3327,1,998000
4.0,2417,6,410.0,2073,1,850000
5.0,-28381,5,303.0,6584,0,1995000
4.0,2115,5,256.0,2812,1,695000
7.0,-266250,8,100.0,2890,1,3000000
5.0,-14150,6,308.0,5844,1,1800000
7.0,-205750,7,100.0,2375,1,2850000
7.0,-171474,8,844.0,3258,1,2750000
6.0,1536,5,450.0,2778,1,1250000
4.0,2275,4,220.0,3500,1,770000
6.0,-425334,5,680.0,4853,1,3300000
5.0,-221,6,467.0,2987,1,1395000
4.0,712,5,380.0,3500,1,1330000
6.0,-65933,6,700.0,3286,0,2300000
4.0,-221,5,467.0,2987,1,1395000
4.0,-221,5,467.0,2987,1,1395000
5.0,712,4,383.0,3473,1,1330000
4.0,2285,5,371.0,2089,1,775000
5.0,-1225,5,587.0,2470,1,1450000
5.0,2514,6,513.0,1930,1,990000
4.0,2165,5,242.0,4752,1,1150000
7.0,-17213,8,653.0,2833,1,1850000
4.0,-59721,6,657.0,3440,1,2260000
7.0,-36205,7,700.0,2964,1,2075000
6.0,2361,7,409.0,2677,1,1095000
3.0,2475,5,254.0,3524,1,895000
4.0,2464,4,271.0,3266,1,885000
5.0,2421,7,274.0,3905,1,1070000
4.0,2416,5,371.0,2288,1,849000
4.0,1536,6,398.0,3141,1,1250000
3.0,2245,4,250.0,3020,1,755000
6.0,-564667,5,724.0,4834,1,3500000
8.0,-44765,7,447.0,4810,1,2150000
6.0,18,6,423.0,3262,0,1380000
4.0,452,4,370.0,3649,1,1350000
5.0,-14150,5,366.0,4918,1,1800000
4.0,-1225,5,400.0,3625,1,1450000
6.0,452,5,429.0,3147,1,1350000
5.0,1165,5,445.0,2899,0,1290000
6.0,-14150,5,366.0,4918,1,1800000
5.0,-8414,6,590.0,2856,1,1685000
5.0,-14150,5,368.0,4891,1,1800000
5.0,2517,5,415.0,2349,0,975000
8.0,-1480474,10,100.0,3116,1,4300000
4.0,-10216,6,540.0,3194,1,1725000
2.0,2333,3,160.0,5000,0,800000
5.0,-14150,5,411.0,4380,1,1800000
4.0,-13026,6,419.0,4248,0,1780000
5.0,-11444,6,590.0,2966,1,1750000
5.0,-4866,5,391.0,4066,1,1590000
4.0,-735341,6,998.0,3707,1,3700000
7.0,-366133,5,740.0,4324,0,3200000
9.0,-24524,10,654.0,2982,1,1950000
5.0,-2214,4,420.0,3560,1,1495000
6.0,-24524,4,624.0,3125,1,1950000
7.0,-44765,7,447.0,4810,1,2150000
4.0,-2333,5,400.0,3750,1,1500000
2.0,2265,3,179.0,4274,0,765000
5.0,-221,6,470.0,2968,1,1395000
3.0,-154511,3,335.0,8045,0,2695000
4.0,-154511,4,335.0,8045,0,2695000
4.0,-11444,4,240.0,7292,0,1750000
3.0,2234,4,200.0,3750,1,750000
3.0,2410,4,250.0,3380,1,845000
3.0,2234,4,226.0,3319,1,750000
5.0,-19939,5,500.0,3780,0,1890000
4.0,2305,4,296.0,2652,0,785000
4.0,-221,6,474.0,2943,1,1395000
7.0,-4495741,9,601.0,9151,1,5500000
4.0,-560819,6,450.0,7767,1,3495000
3.0,-8846,3,247.0,6862,0,1695000
5.0,-313261,5,327.0,9480,1,3100000
5.0,-24524,4,351.0,5556,1,1950000
6.0,-564667,5,469.0,7463,1,3500000
5.0,2044,6,292.0,4024,1,1175000
5.0,-103852,4,351.0,7120,1,2499000
3.0,-394913,2,432.0,7523,0,3250000
4.0,-313261,4,395.0,7848,1,3100000
3.0,2470,5,286.0,3112,1,890000
3.0,2369,5,290.0,2828,1,820000
3.0,2475,5,334.0,2680,1,895000
3.0,2159,6,362.0,1975,0,715000
3.0,2369,5,289.0,2837,1,820000
4.0,2103,4,276.0,2500,1,690000
3.0,2315,5,267.0,2959,1,790000
3.0,2115,4,289.0,2405,1,695000
